Drug,UKB_participants_count,Drug_curated,smiles,canonical_smiles,drugs
paracetamol,102058,paracetamol,"CC(=O)Nc1ccc(O)cc1, CC(=O)Nc1ccc(O)cc1",CC(=O)Nc1ccc(O)cc1,paracetamol
aspirin,72926,aspirin,CC(=O)Oc1ccccc1C(O)=O,CC(=O)Oc1ccccc1C(O)=O,aspirin
ibuprofen,67388,ibuprofen,CC(C)Cc1ccc(cc1)C(C)C(O)=O,CC(C)Cc1ccc(cc1)C(C)C(O)=O,ibuprofen
simvastatin,64358,simvastatin,CCC(C)(C)C(=O)O[C@H]1C[C@@H](C)C=C2C=C[C@H](C)[C@H](CC[C@@H]3C[C@@H](O)CC(=O)O3)[C@@H]12,CCC(C)(C)C(=O)O[C@H]1C[C@@H](C)C=C2C=C[C@H](C)[C@H](CC[C@@H]3C[C@@H](O)CC(=O)O3)[C@@H]12,simvastatin
omeprazole,35724,omeprazole,COc1ccc2nc([nH]c2c1)[S](=O)Cc3ncc(C)c(OC)c3C,COc1ccc2nc([nH]c2c1)[S](=O)Cc3ncc(C)c(OC)c3C,omeprazole
glucosamine product,34219,glucosamine,"N[C@H]1C(O)O[C@H](CO)[C@@H](O)[C@@H]1O, NC1C(O)OC(CO)C(O)C1O",N[C@H]1C(O)O[C@H](CO)[C@@H](O)[C@@H]1O,glucosamine
bendroflumethiazide,30052,bendroflumethiazide,N[S](=O)(=O)c1cc2c(NC(Cc3ccccc3)N[S]2(=O)=O)cc1C(F)(F)F,N[S](=O)(=O)c1cc2c(NC(Cc3ccccc3)N[S]2(=O)=O)cc1C(F)(F)F,bendroflumethiazide
ramipril,27363,ramipril,CCOC(=O)[C@H](CCc1ccccc1)N[C@@H](C)C(=O)N2[C@H]3CCC[C@H]3C[C@H]2C(O)=O,CCOC(=O)[C@H](CCc1ccccc1)N[C@@H](C)C(=O)N2[C@H]3CCC[C@H]3C[C@H]2C(O)=O,ramipril
amlodipine,26198,amlodipine,CCOC(=O)C1=C(COCCN)NC(=C(C1c2ccccc2Cl)C(=O)OC)C,CCOC(=O)C1=C(COCCN)NC(=C(C1c2ccccc2Cl)C(=O)OC)C,amlodipine
levothyroxine sodium,24081,levothyroxine sodium,O.[Na+].N[C@@H](Cc1cc(I)c(Oc2cc(I)c(O)c(I)c2)c(I)c1)C([O-])=O,N[C@@H](Cc1cc(I)c(Oc2cc(I)c(O)c(I)c2)c(I)c1)C([O-])=O,levothyroxine_sodium
atorvastatin,21516,atorvastatin,CC(C)c1n(CC[C@@H](O)C[C@@H](O)CC(O)=O)c(c2ccc(F)cc2)c(c3ccccc3)c1C(=O)Nc4ccccc4,CC(C)c1n(CC[C@@H](O)C[C@@H](O)CC(O)=O)c(c2ccc(F)cc2)c(c3ccccc3)c1C(=O)Nc4ccccc4,atorvastatin
lansoprazole,20781,lansoprazole,Cc1c(C[S](=O)c2[nH]c3ccccc3n2)nccc1OCC(F)(F)F,Cc1c(C[S](=O)c2[nH]c3ccccc3n2)nccc1OCC(F)(F)F,lansoprazole
atenolol,20566,atenolol,CC(C)NCC(O)COc1ccc(CC(N)=O)cc1,CC(C)NCC(O)COc1ccc(CC(N)=O)cc1,atenolol
metformin,16092,metformin,[H+].[Cl-].CN(C)C(=N)N=C(N)N,CN(C)C(=N)N=C(N)N,metformin
lisinopril,15755,lisinopril,O.O.NCCCC[C@H](N[C@@H](CCc1ccccc1)C(O)=O)C(=O)N2CCC[C@H]2C(O)=O,NCCCC[C@H](N[C@@H](CCc1ccccc1)C(O)=O)C(=O)N2CCC[C@H]2C(O)=O,lisinopril
ventolin 100micrograms inhaler,15742,ventolin,CC(C)(C)NCC(O)c1ccc(O)c(CO)c1.CC(C)(C)NCC(O)c2ccc(O)c(CO)c2.O[S](O)(=O)=O,CC(C)(C)NCC(O)c1ccc(O)c(CO)c1,ventolin
diclofenac,10708,diclofenac,OC(=O)Cc1ccccc1Nc2c(Cl)cccc2Cl,OC(=O)Cc1ccccc1Nc2c(Cl)cccc2Cl,diclofenac
amitriptyline,10530,amitriptyline,CN(C)CCC=C1c2ccccc2CCc3ccccc13,CN(C)CCC=C1c2ccccc2CCc3ccccc13,amitriptyline
bisoprolol,9571,bisoprolol,CC(C)NCC(O)COc1ccc(COCCOC(C)C)cc1,CC(C)NCC(O)COc1ccc(COCCOC(C)C)cc1,bisoprolol
citalopram,9554,citalopram,CN(C)CCCC1(OCc2cc(ccc12)C#N)c3ccc(F)cc3,CN(C)CCCC1(OCc2cc(ccc12)C#N)c3ccc(F)cc3,citalopram
ranitidine,9335,ranitidine,CNC(/NCCSCc1oc(CN(C)C)cc1)=C\[N+]([O-])=O,CNC(/NCCSCc1oc(CN(C)C)cc1)=C\[N+]([O-])=O,ranitidine
perindopril,7857,perindopril,CCC[C@H](N[C@@H](C)C(=O)N1[C@H]2CCCC[C@H]2C[C@H]1C(O)=O)C(=O)OCC,CCC[C@H](N[C@@H](C)C(=O)N1[C@H]2CCCC[C@H]2C[C@H]1C(O)=O)C(=O)OCC,perindopril
allopurinol,6617,allopurinol,O=C1N=CN=C2NNC=C12,O=C1N=CN=C2NNC=C12,allopurinol
doxazosin,6609,doxazosin,COc1cc2nc(nc(N)c2cc1OC)N3CCN(CC3)C(=O)C4COc5ccccc5O4,COc1cc2nc(nc(N)c2cc1OC)N3CCN(CC3)C(=O)C4COc5ccccc5O4,doxazosin
salbutamol,6550,salbutamol,CC(C)(C)NCC(O)c1ccc(O)c(CO)c1,CC(C)(C)NCC(O)c1ccc(O)c(CO)c1,salbutamol
candesartan cilexetil,6518,candesartan cilexetil,CCOc1nc2cccc(C(=O)OC(C)OC(=O)OC3CCCCC3)c2n1Cc4ccc(cc4)c5ccccc5c6n[nH]nn6,CCOc1nc2cccc(C(=O)OC(C)OC(=O)OC3CCCCC3)c2n1Cc4ccc(cc4)c5ccccc5c6n[nH]nn6,candesartan_cilexetil
cetirizine,6481,cetirizine,OC(=O)COCCN1CCN(CC1)C(c2ccccc2)c3ccc(Cl)cc3,OC(=O)COCCN1CCN(CC1)C(c2ccccc2)c3ccc(Cl)cc3,cetirizine
vitamin c product,6443,vitamin c,"OC[C@H](O)[C@H]1OC(=O)C(=C1O)O, OCC(O)C1OC(=C(O)C1=O)O",OC[C@H](O)[C@H]1OC(=O)C(=C1O)O,vitamin_c
thyroxine product,6387,thyroxine,"N[C@@H](Cc1cc(I)c(Oc2cc(I)c(O)c(I)c2)c(I)c1)C(O)=O, NC(Cc1cc(I)c(Oc2cc(I)c(O)c(I)c2)c(I)c1)C(O)=O",N[C@@H](Cc1cc(I)c(Oc2cc(I)c(O)c(I)c2)c(I)c1)C(O)=O,thyroxine
fluoxetine,6292,fluoxetine,CNCCC(Oc1ccc(cc1)C(F)(F)F)c2ccccc2,CNCCC(Oc1ccc(cc1)C(F)(F)F)c2ccccc2,fluoxetine
seretide 50 evohaler,6292,seretide,CCC(=O)OC1([C@H](C)C[C@H]2[C@@H]3C[C@H](F)C4=CC(=O)C=C[C@]4(C)C3(F)[C@@H](O)C[C@]12C)C(=O)SCF.OCc5cc(ccc5O)C(O)CNCCCCCCOCCCCc6ccccc6,CCC(=O)OC1([C@H](C)C[C@H]2[C@@H]3C[C@H](F)C4=CC(=O)C=C[C@]4(C)C3(F)[C@@H](O)C[C@]12C)C(=O)SCF,seretide
losartan,6067,losartan,CCCCc1nc(Cl)c(CO)n1Cc2ccc(cc2)c3ccccc3c4n[nH]nn4,CCCCc1nc(Cl)c(CO)n1Cc2ccc(cc2)c3ccccc3c4n[nH]nn4,losartan
tramadol,5927,tramadol,[Cl-].COc1cccc(c1)[C@@]2(O)CCCC[C@@H]2CN(C)C.[H+],COc1cccc(c1)[C@@]2(O)CCCC[C@@H]2CN(C)C,tramadol
insulin product,5785,insulin,CC[C@H](C)[C@H](NC(=O)CN)C(=O)N[C@@H](C(C)C)C(=O)N[C@@H](CCC(O)=O)C(=O)N[C@@H](CCC(N)=O)C(=O)N[C@H]1CSSC[C@@H]2NC(=O)[C@@H](NC(=O)[C@H](CO)NC(=O)[C@@H](NC(=O)[C@H](CSSC[C@H](NC(=O)[C@H](CC(C)C)NC(=O)[C@H](Cc3[nH]cnc3)NC(=O)[C@H](CCC(N)=O)NC(=O)[C@H](CC(N)=O)NC(=O)[C@@H](NC(=O)[C@@H](N)Cc4ccccc4)C(C)C)C(=O)NCC(=O)N[C@@H](CO)C(=O)N[C@@H](Cc5[nH]cnc5)C(=O)N[C@@H](CC(C)C)C(=O)N[C@@H](C(C)C)C(=O)N[C@@H](CCC(O)=O)C(=O)N[C@@H](C)C(=O)N[C@@H](CC(C)C)C(=O)N[C@@H](Cc6ccc(O)cc6)C(=O)N[C@@H](CC(C)C)C(=O)N[C@@H](C(C)C)C(=O)N[C@@H](CSSC[C@H](NC(=O)[C@H](Cc7ccc(O)cc7)NC(=O)[C@H](CC(N)=O)NC(=O)[C@H](CCC(O)=O)NC(=O)[C@H](CC(C)C)NC(=O)[C@H](CCC(N)=O)NC(=O)[C@H](Cc8ccc(O)cc8)NC(=O)[C@H](CC(C)C)NC(=O)[C@H](CO)NC2=O)C(=O)N[C@@H](CC(N)=O)C(O)=O)C(=O)NCC(=O)N[C@@H](CCC(O)=O)C(=O)N[C@@H](CCCNC(N)=N)C(=O)NCC(=O)N[C@@H](Cc9ccccc9)C(=O)N[C@@H](Cc%10ccccc%10)C(=O)N[C@@H](Cc%11ccc(O)cc%11)C(=O)N[C@@H]([C@@H](C)O)C(=O)N%12CCC[C@H]%12C(=O)N[C@@H](CCCCN)C(=O)N[C@@H]([C@@H](C)O)C(O)=O)NC1=O)[C@@H](C)O)[C@@H](C)CC,CC[C@H](C)[C@H](NC(=O)CN)C(=O)N[C@@H](C(C)C)C(=O)N[C@@H](CCC(O)=O)C(=O)N[C@@H](CCC(N)=O)C(=O)N[C@H]1CSSC[C@@H]2NC(=O)[C@@H](NC(=O)[C@H](CO)NC(=O)[C@@H](NC(=O)[C@H](CSSC[C@H](NC(=O)[C@H](CC(C)C)NC(=O)[C@H](Cc3[nH]cnc3)NC(=O)[C@H](CCC(N)=O)NC(=O)[C@H](CC(N)=O)NC(=O)[C@@H](NC(=O)[C@@H](N)Cc4ccccc4)C(C)C)C(=O)NCC(=O)N[C@@H](CO)C(=O)N[C@@H](Cc5[nH]cnc5)C(=O)N[C@@H](CC(C)C)C(=O)N[C@@H](C(C)C)C(=O)N[C@@H](CCC(O)=O)C(=O)N[C@@H](C)C(=O)N[C@@H](CC(C)C)C(=O)N[C@@H](Cc6ccc(O)cc6)C(=O)N[C@@H](CC(C)C)C(=O)N[C@@H](C(C)C)C(=O)N[C@@H](CSSC[C@H](NC(=O)[C@H](Cc7ccc(O)cc7)NC(=O)[C@H](CC(N)=O)NC(=O)[C@H](CCC(O)=O)NC(=O)[C@H](CC(C)C)NC(=O)[C@H](CCC(N)=O)NC(=O)[C@H](Cc8ccc(O)cc8)NC(=O)[C@H](CC(C)C)NC(=O)[C@H](CO)NC2=O)C(=O)N[C@@H](CC(N)=O)C(O)=O)C(=O)NCC(=O)N[C@@H](CCC(O)=O)C(=O)N[C@@H](CCCNC(N)=N)C(=O)NCC(=O)N[C@@H](Cc9ccccc9)C(=O)N[C@@H](Cc%10ccccc%10)C(=O)N[C@@H](Cc%11ccc(O)cc%11)C(=O)N[C@@H]([C@@H](C)O)C(=O)N%12CCC[C@H]%12C(=O)N[C@@H](CCCCN)C(=O)N[C@@H]([C@@H](C)O)C(O)=O)NC1=O)[C@@H](C)O)[C@@H](C)CC,insulin
tamsulosin,5737,tamsulosin,CCOc1ccccc1OCCN[C@H](C)Cc2ccc(OC)c(c2)[S](N)(=O)=O,CCOc1ccccc1OCCN[C@H](C)Cc2ccc(OC)c(c2)[S](N)(=O)=O,tamsulosin
warfarin,5682,warfarin,CC(=O)CC(c1ccccc1)C2=C(O)Oc3ccccc3C2=O,CC(=O)CC(c1ccccc1)C2=C(O)Oc3ccccc3C2=O,warfarin
gliclazide,5230,gliclazide,Cc1ccc(cc1)[S](=O)(=O)NC(=O)NN2CC3CCCC3C2,Cc1ccc(cc1)[S](=O)(=O)NC(=O)NN2CC3CCCC3C2,gliclazide
beclometasone,4811,beclometasone,C[C@H]1C[C@H]2[C@@H]3CCC4=CC(=O)C=C[C@]4(C)[C@@]3(Cl)[C@@H](O)C[C@]2(C)[C@@]1(O)C(=O)CO,C[C@H]1C[C@H]2[C@@H]3CCC4=CC(=O)C=C[C@]4(C)[C@@]3(Cl)[C@@H](O)C[C@]2(C)[C@@]1(O)C(=O)CO,beclometasone
felodipine,4745,felodipine,CCOC(=O)C1=C(C)NC(=C(C1c2cccc(Cl)c2Cl)C(=O)OC)C,CCOC(=O)C1=C(C)NC(=C(C1c2cccc(Cl)c2Cl)C(=O)OC)C,felodipine
folic acid product,4698,folic acid,"NC1=Nc2ncc(CNc3ccc(cc3)C(=O)N[C@@H](CCC(O)=O)C(O)=O)nc2C(=O)N1, NC1=NC(=O)c2nc(CNc3ccc(cc3)C(=O)N[C@@H](CCC(O)=O)C(O)=O)cnc2N1",NC1=Nc2ncc(CNc3ccc(cc3)C(=O)N[C@@H](CCC(O)=O)C(O)=O)nc2C(=O)N1,folic_acid
irbesartan,4200,irbesartan,CCCCC1=NC2(CCCC2)C(=O)N1Cc3ccc(cc3)c4ccccc4c5n[nH]nn5,CCCCC1=NC2(CCCC2)C(=O)N1Cc3ccc(cc3)c4ccccc4c5n[nH]nn5,irbesartan
loratadine,4121,loratadine,CCOC(=O)N1CCC(CC1)=C2c3ccc(Cl)cc3CCc4cccnc24,CCOC(=O)N1CCC(CC1)=C2c3ccc(Cl)cc3CCc4cccnc24,loratadine
clopidogrel,4101,clopidogrel,COC(=O)[C@@H](N1CCc2sccc2C1)c3ccccc3Cl,COC(=O)[C@@H](N1CCc2sccc2C1)c3ccccc3Cl,clopidogrel
naproxen,4048,naproxen,COc1ccc2cc(ccc2c1)C(C)C(O)=O,COc1ccc2cc(ccc2c1)C(C)C(O)=O,naproxen
lipitor 10mg tablet,3965,lipitor,[Ca++].CC(C)c1n(CC[C@@H](O)C[C@@H](O)CC([O-])=O)c(c2ccc(F)cc2)c(c3ccccc3)c1C(=O)Nc4ccccc4.CC(C)c5n(CC[C@@H](O)C[C@@H](O)CC([O-])=O)c(c6ccc(F)cc6)c(c7ccccc7)c5C(=O)Nc8ccccc8,CC(C)c1n(CC[C@@H](O)C[C@@H](O)CC([O-])=O)c(c2ccc(F)cc2)c(c3ccccc3)c1C(=O)Nc4ccccc4,lipitor
vitamin b compound tablet,3930,vitamin b ,NC(=O)c1cccnc1,NC(=O)c1cccnc1,vitamin_b_
propranolol,3738,propranolol,CC(C)NCC(O)COc1cccc2ccccc12,CC(C)NCC(O)COc1cccc2ccccc12,propranolol
quinine,3641,quinine,COc1ccc2nccc([C@@H](O)[C@@H]3C[C@H]4CCN3C[C@@H]4C=C)c2c1,COc1ccc2nccc([C@@H](O)[C@@H]3C[C@H]4CCN3C[C@@H]4C=C)c2c1,quinine
beconase 50micrograms nasal spray,3604,beconase,CCC(=O)OCC(=O)[C@@]1(OC(=O)CC)[C@@H](C)C[C@H]2[C@@H]3CCC4=CC(=O)C=C[C@]4(C)[C@@]3(Cl)[C@@H](O)C[C@]12C,CCC(=O)OCC(=O)[C@@]1(OC(=O)CC)[C@@H](C)C[C@H]2[C@@H]3CCC4=CC(=O)C=C[C@]4(C)[C@@]3(Cl)[C@@H](O)C[C@]12C,beconase
aspirin 75mg tablet,3546,aspirin,CC(=O)Oc1ccccc1C(O)=O,CC(=O)Oc1ccccc1C(O)=O,aspirin
zinc product,3546,zinc,"[Zn], [Zn]",[Zn],zinc
rosuvastatin,3512,rosuvastatin,CC(C)c1nc(nc(c2ccc(F)cc2)c1CC[C@@H](O)C[C@@H](O)CC(O)=O)N(C)[S](C)(=O)=O,CC(C)c1nc(nc(c2ccc(F)cc2)c1CC[C@@H](O)C[C@@H](O)CC(O)=O)N(C)[S](C)(=O)=O,rosuvastatin
salbutamol 100micrograms spacehaler,3499,salbutamol,CC(C)(C)NCC(O)c1ccc(O)c(CO)c1,CC(C)(C)NCC(O)c1ccc(O)c(CO)c1,salbutamol
prednisolone,3266,prednisolone,C[C@]12C[C@H](O)[C@H]3[C@@H](CCC4=CC(=O)C=C[C@]34C)[C@@H]1CC[C@]2(O)C(=O)CO,C[C@]12C[C@H](O)[C@H]3[C@@H](CCC4=CC(=O)C=C[C@]34C)[C@@H]1CC[C@]2(O)C(=O)CO,prednisolone
becotide 50 inhaler,3264,becotide,C[C@H]1C[C@H]2[C@@H]3CCC4=CC(=O)C=C[C@]4(C)[C@@]3(Cl)[C@@H](O)C[C@]2(C)[C@@]1(O)C(=O)CO,C[C@H]1C[C@H]2[C@@H]3CCC4=CC(=O)C=C[C@]4(C)[C@@]3(Cl)[C@@H](O)C[C@]2(C)[C@@]1(O)C(=O)CO,becotide
calcium salts,3246,calcium,"[CaH2], [Ca]",[CaH2],calcium
ezetimibe,3217,ezetimibe,O[C@@H](CC[C@@H]1[C@H](N(C1=O)c2ccc(F)cc2)c3ccc(O)cc3)c4ccc(F)cc4,O[C@@H](CC[C@@H]1[C@H](N(C1=O)c2ccc(F)cc2)c3ccc(O)cc3)c4ccc(F)cc4,ezetimibe
bendrofluazide,3144,bendrofluazide,N[S](=O)(=O)c1cc2c(NC(Cc3ccccc3)N[S]2(=O)=O)cc1C(F)(F)F,N[S](=O)(=O)c1cc2c(NC(Cc3ccccc3)N[S]2(=O)=O)cc1C(F)(F)F,bendrofluazide
pravastatin,3126,pravastatin,CC[C@H](C)C(=O)O[C@H]1C[C@H](O)C=C2C=C[C@H](C)[C@H](CC[C@@H](O)C[C@@H](O)CC(O)=O)[C@@H]12,CC[C@H](C)C(=O)O[C@H]1C[C@H](O)C=C2C=C[C@H](C)[C@H](CC[C@@H](O)C[C@@H](O)CC(O)=O)[C@@H]12,pravastatin
methotrexate,3058,methotrexate,CN(Cc1cnc2nc(N)nc(N)c2n1)c3ccc(cc3)C(=O)N[C@@H](CCC(O)=O)C(O)=O,CN(Cc1cnc2nc(N)nc(N)c2n1)c3ccc(cc3)C(=O)N[C@@H](CCC(O)=O)C(O)=O,methotrexate
gaviscon liquid,2985,gaviscon,[OH-].[OH-].[OH-].[O--].[Na+].[Mg++].[Al+3].[Si].OC([O-])=O,OC([O-])=O,gaviscon
ferrous sulphate,2962,ferrous sulphate,[Fe].O[S](O)(=O)=O,O[S](O)(=O)=O,ferrous_sulphate
codeine,2867,codeine,COc1ccc2C[C@@H]3[C@@H]4C=C[C@H](O)[C@@H]5Oc1c2[C@]45CCN3C,COc1ccc2C[C@@H]3[C@@H]4C=C[C@H](O)[C@@H]5Oc1c2[C@]45CCN3C,codeine
gabapentin,2760,gabapentin,NCC1(CCCCC1)CC(O)=O,NCC1(CCCCC1)CC(O)=O,gabapentin
sertraline,2699,sertraline,[Cl-].CN[C@H]1CC[C@@H](c2ccc(Cl)c(Cl)c2)c3ccccc13.[H+],CN[C@H]1CC[C@@H](c2ccc(Cl)c(Cl)c2)c3ccccc13,sertraline
mebeverine,2697,mebeverine,CCN(CCCCOC(=O)c1ccc(OC)c(OC)c1)C(C)Cc2ccc(OC)cc2,CCN(CCCCOC(=O)c1ccc(OC)c(OC)c1)C(C)Cc2ccc(OC)cc2,mebeverine
nasonex 0.05% aqueous nasal spray,2655,nasonex,O.C[C@@H]1C[C@H]2[C@@H]3CCC4=CC(=O)C=C[C@]4(C)[C@@]3(Cl)[C@@H](O)C[C@]2(C)[C@@]1(OC(=O)c5occc5)C(=O)CCl,C[C@@H]1C[C@H]2[C@@H]3CCC4=CC(=O)C=C[C@]4(C)[C@@]3(Cl)[C@@H](O)C[C@]2(C)[C@@]1(OC(=O)c5occc5)C(=O)CCl,nasonex
valsartan,2592,valsartan,CCCCC(=O)N(Cc1ccc(cc1)c2ccccc2c3n[nH]nn3)[C@@H](C(C)C)C(O)=O,CCCCC(=O)N(Cc1ccc(cc1)c2ccccc2c3n[nH]nn3)[C@@H](C(C)C)C(O)=O,valsartan
vitamin d product,2520,vitamin d,CC(C)C(C)\C=C\C(C)C1CCC2C(/CCCC12C)=C/C=C3\CC(O)CCC3=C,CC(C)C(C)\C=C\C(C)C1CCC2C(/CCCC12C)=C/C=C3\CC(O)CCC3=C,vitamin_d
finasteride,2348,finasteride,CC(C)(C)NC(=O)[C@H]1CC[C@H]2[C@@H]3CC[C@H]4NC(=O)C=C[C@]4(C)[C@H]3CC[C@]12C,CC(C)(C)NC(=O)[C@H]1CC[C@H]2[C@@H]3CC[C@H]4NC(=O)C=C[C@]4(C)[C@H]3CC[C@]12C,finasteride
venlafaxine,2231,venlafaxine,COc1ccc(cc1)C(CN(C)C)C2(O)CCCCC2,COc1ccc(cc1)C(CN(C)C)C2(O)CCCCC2,venlafaxine
flixonase 50micrograms aqueous nasal spray,2156,flixonase,CCC(=O)O[C@@]1([C@H](C)C[C@H]2C3C[C@H](F)C4=CC(=O)C=C[C@]4(C)[C@@]3(F)[C@@H](O)C[C@]12C)C(=O)SCF,CCC(=O)O[C@@]1([C@H](C)C[C@H]2C3C[C@H](F)C4=CC(=O)C=C[C@]4(C)[C@@]3(F)[C@@H](O)C[C@]12C)C(=O)SCF,flixonase
premarin 625micrograms tablet,2155,premarin,[Na+].C[C@]12CC[C@H]3[C@@H](CCc4cc(O[S]([O-])(=O)=O)ccc34)[C@@H]1CCC2=O,C[C@]12CC[C@H]3[C@@H](CCc4cc(O[S]([O-])(=O)=O)ccc34)[C@@H]1CCC2=O,premarin
beclomethasone,2126,beclomethasone,C[C@H]1C[C@H]2[C@@H]3CCC4=CC(=O)C=C[C@]4(C)[C@@]3(Cl)[C@@H](O)C[C@]2(C)[C@@]1(O)C(=O)CO,C[C@H]1C[C@H]2[C@@H]3CCC4=CC(=O)C=C[C@]4(C)[C@@]3(Cl)[C@@H](O)C[C@]2(C)[C@@]1(O)C(=O)CO,beclomethasone
indapamide,2078,indapamide,CC1Cc2ccccc2N1NC(=O)c3ccc(Cl)c(c3)[S](N)(=O)=O,CC1Cc2ccccc2N1NC(=O)c3ccc(Cl)c(c3)[S](N)(=O)=O,indapamide
vitamin e product,1931,vitamin e,CC(C)CCC[C@@H](C)CCC[C@@H](C)CCC[C@]1(C)CCc2c(C)c(O)c(C)c(C)c2O1,CC(C)CCC[C@@H](C)CCC[C@@H](C)CCC[C@]1(C)CCc2c(C)c(O)c(C)c(C)c2O1,vitamin_e
fexofenadine,1885,fexofenadine,CC(C)(C(O)=O)c1ccc(cc1)C(O)CCCN2CCC(CC2)C(O)(c3ccccc3)c4ccccc4,CC(C)(C(O)=O)c1ccc(cc1)C(O)CCCN2CCC(CC2)C(O)(c3ccccc3)c4ccccc4,fexofenadine
co-enzyme q10/ubiquinone/bio-quinone/coenzyme q10,1882,ubiquinone,COC1=C(OC)C(=O)C(=C(C)C1=O)C\C=C(C)\CCC=C(C)C,COC1=C(OC)C(=O)C(=C(C)C1=O)C\C=C(C)\CCC=C(C)C,ubiquinone
zopiclone,1882,zopiclone,CN1CCN(CC1)C(=O)OC2N(C(=O)c3nccnc23)c4ccc(Cl)cn4,CN1CCN(CC1)C(=O)OC2N(C(=O)c3nccnc23)c4ccc(Cl)cn4,zopiclone
esomeprazole,1852,esomeprazole,[Mg++].COc1ccc2[n-]c(nc2c1)[S@@+]([O-])Cc3ncc(C)c(OC)c3C.COc4ccc5[n-]c(nc5c4)[S@@+]([O-])Cc6ncc(C)c(OC)c6C,COc1ccc2[n-]c(nc2c1)[S@@+]([O-])Cc3ncc(C)c(OC)c3C,esomeprazole
dosulepin,1807,dosulepin,[H+].[Cl-].CN(C)CC/C=C1/c2ccccc2CSc3ccccc13,CN(C)CC/C=C1/c2ccccc2CSc3ccccc13,dosulepin
tamoxifen,1798,tamoxifen,CC/C(c1ccccc1)=C(c2ccccc2)/c3ccc(OCCN(C)C)cc3,CC/C(c1ccccc1)=C(c2ccccc2)/c3ccc(OCCN(C)C)cc3,tamoxifen
dihydrocodeine,1795,dihydrocodeine,COc1ccc2C[C@@H]3[C@@H]4CC[C@H](O)[C@@H]5Oc1c2[C@]45CCN3C,COc1ccc2C[C@@H]3[C@@H]4CC[C@H](O)[C@@H]5Oc1c2[C@]45CCN3C,dihydrocodeine
isosorbide mononitrate,1785,isosorbide mononitrate,O[C@H]1CO[C@@H]2[C@@H](CO[C@H]12)O[N+]([O-])=O,O[C@H]1CO[C@@H]2[C@@H](CO[C@H]12)O[N+]([O-])=O,isosorbide_mononitrate
paroxetine,1762,paroxetine,Fc1ccc(cc1)[C@@H]2CCNC[C@H]2COc3ccc4OCOc4c3,Fc1ccc(cc1)[C@@H]2CCNC[C@H]2COc3ccc4OCOc4c3,paroxetine
loperamide,1761,loperamide,CN(C)C(=O)C(CCN1CCC(O)(CC1)c2ccc(Cl)cc2)(c3ccccc3)c4ccccc4,CN(C)C(=O)C(CCN1CCC(O)(CC1)c2ccc(Cl)cc2)(c3ccccc3)c4ccccc4,loperamide
nicorandil,1732,nicorandil,[O-][N+](=O)OCCNC(=O)c1cccnc1,[O-][N+](=O)OCCNC(=O)c1cccnc1,nicorandil
iron product,1721,iron,"[Fe], [Fe]",[Fe],iron
vagifem 25mcg pessary,1695,vagifem,C[C@]12CC[C@H]3[C@@H](CCc4cc(O)ccc34)[C@@H]1CC[C@@H]2O,C[C@]12CC[C@H]3[C@@H](CCc4cc(O)ccc34)[C@@H]1CC[C@@H]2O,vagifem
glyceryl trinitrate,1694,glyceryl trinitrate,"OCC(O)CO[N+]([O-])=O.[O-][N+]([O-])=O.[O-][N+]([O-])=O, [O-][N+](=O)OCC(CO[N+]([O-])=O)O[N+]([O-])=O",OCC(O)CO[N+]([O-])=O,glyceryl_trinitrate
betahistine,1658,betahistine,CNCCc1ccccn1,CNCCc1ccccn1,betahistine
salamol 100micrograms inhaler,1633,salamol,CC(C)(C)NCC(O)c1ccc(O)c(CO)c1,CC(C)(C)NCC(O)c1ccc(O)c(CO)c1,salamol
mirtazapine,1604,mirtazapine,CN1CCN2C(C1)c3ccccc3Cc4cccnc24,CN1CCN2C(C1)c3ccccc3Cc4cccnc24,mirtazapine
selenium product,1602,selenium,"[SeH2], [Se]",[SeH2],selenium
lercanidipine,1569,lercanidipine,COC(=O)C1=C(C)NC(=C(C1c2cccc(c2)[N+]([O-])=O)C(=O)OC(C)(C)CN(C)CCC(c3ccccc3)c4ccccc4)C,COC(=O)C1=C(C)NC(=C(C1c2cccc(c2)[N+]([O-])=O)C(=O)OC(C)(C)CN(C)CCC(c3ccccc3)c4ccccc4)C,lercanidipine
sumatriptan,1522,sumatriptan,CN[S](=O)(=O)Cc1ccc2[nH]cc(CCN(C)C)c2c1,CN[S](=O)(=O)Cc1ccc2[nH]cc(CCN(C)C)c2c1,sumatriptan
oxytetracycline,1514,oxytetracycline,O.O.CN(C)[C@H]1[C@@H]2[C@@H](O)[C@H]3C(=C(O)c4c(O)cccc4[C@@]3(C)O)C(=O)[C@]2(O)C(=O)\C(=C(N)/O)C1=O,CN(C)[C@H]1[C@@H]2[C@@H](O)[C@H]3C(=C(O)c4c(O)cccc4[C@@]3(C)O)C(=O)[C@]2(O)C(=O)\C(=C(N)/O)C1=O,oxytetracycline
xalatan 0.005% eye drops,1502,xalatan,CC(C)OC(=O)CCC/C=C/C[C@H]1[C@@H](O)C[C@@H](O)[C@@H]1CC[C@@H](O)CCc2ccccc2,CC(C)OC(=O)CCC/C=C/C[C@H]1[C@@H](O)C[C@@H](O)[C@@H]1CC[C@@H](O)CCc2ccccc2,xalatan
vitamin c product,1483,vitamin c,"OC[C@H](O)[C@H]1OC(=O)C(=C1O)O, OCC(O)C1OC(=C(O)C1=O)O",OC[C@H](O)[C@H]1OC(=O)C(=C1O)O,vitamin_c
meloxicam,1482,meloxicam,CN1C(=C(/O)Nc2sc(C)cn2)/C(=O)c3ccccc3[S]1(=O)=O,CN1C(=C(/O)Nc2sc(C)cn2)/C(=O)c3ccccc3[S]1(=O)=O,meloxicam
thyroxine sodium,1456,thyroxine sodium,"[Na].N[C@@H](Cc1cc(I)c(Oc2cc(I)c(O)c(I)c2)c(I)c1)C(O)=O, [Na+].N[C@@H](Cc1cc(I)c(Oc2cc(I)c(O)c(I)c2)c(I)c1)C([O-])=O",N[C@@H](Cc1cc(I)c(Oc2cc(I)c(O)c(I)c2)c(I)c1)C([O-])=O,thyroxine_sodium
diazepam,1455,diazepam,CN1C(=O)CN=C(c2ccccc2)c3cc(Cl)ccc13,CN1C(=O)CN=C(c2ccccc2)c3cc(Cl)ccc13,diazepam
lactulose product,1450,lactulose,OC[C@H]1O[C@@H](O[C@@H]2[C@@H](CO)O[C@](O)(CO)[C@H]2O)[C@H](O)[C@@H](O)[C@H]1O,OC[C@H]1O[C@@H](O[C@@H]2[C@@H](CO)O[C@](O)(CO)[C@H]2O)[C@H](O)[C@@H](O)[C@H]1O,lactulose
serevent 25mcg inhaler,1381,serevent,OCc1cc(ccc1O)C(O)CNCCCCCCOCCCCc2ccccc2.OC(=O)c3ccc4ccccc4c3O,OCc1cc(ccc1O)C(O)CNCCCCCCOCCCCc2ccccc2,serevent
digoxin,1371,digoxin,C[C@H]1O[C@H](C[C@H](O)[C@@H]1O)O[C@H]2[C@@H](O)C[C@@H](O[C@@H]2C)O[C@H]3[C@@H](O)C[C@@H](O[C@@H]3C)O[C@H]4CC[C@@]5(C)[C@H](CC[C@@H]6[C@@H]5C[C@@H](O)[C@]7(C)[C@H](CC[C@]67O)C8=CC(=O)OC8)C4,C[C@H]1O[C@H](C[C@H](O)[C@@H]1O)O[C@H]2[C@@H](O)C[C@@H](O[C@@H]2C)O[C@H]3[C@@H](O)C[C@@H](O[C@@H]3C)O[C@H]4CC[C@@]5(C)[C@H](CC[C@@H]6[C@@H]5C[C@@H](O)[C@]7(C)[C@H](CC[C@]67O)C8=CC(=O)OC8)C4,digoxin
salmeterol,1335,salmeterol,OCc1cc(ccc1O)C(O)CNCCCCCCOCCCCc2ccccc2,OCc1cc(ccc1O)C(O)CNCCCCCCOCCCCc2ccccc2,salmeterol
pregabalin,1330,pregabalin,CC(C)C[C@H](CN)CC(O)=O,CC(C)C[C@H](CN)CC(O)=O,pregabalin
alfuzosin,1317,alfuzosin,COc1cc2nc(nc(N)c2cc1OC)N(C)CCCNC(=O)C3CCCO3,COc1cc2nc(nc(N)c2cc1OC)N(C)CCCNC(=O)C3CCCO3,alfuzosin
latanoprost,1316,latanoprost,CC(C)OC(=O)CCC/C=C/C[C@H]1[C@@H](O)C[C@@H](O)[C@@H]1CC[C@@H](O)CCc2ccccc2,CC(C)OC(=O)CCC/C=C/C[C@H]1[C@@H](O)C[C@@H](O)[C@@H]1CC[C@@H](O)CCc2ccccc2,latanoprost
nifedipine,1306,nifedipine,COC(=O)C1=C(C)NC(=C(C1c2ccccc2[N+]([O-])=O)C(=O)OC)C,COC(=O)C1=C(C)NC(=C(C1c2ccccc2[N+]([O-])=O)C(=O)OC)C,nifedipine
cerazette 75micrograms tablet,1305,cerazette,CC[C@]12CC(=C)[C@H]3[C@@H](CCC4=CCCC[C@H]34)[C@@H]1CC[C@@]2(O)C#C,CC[C@]12CC(=C)[C@H]3[C@@H](CCC4=CCCC[C@H]34)[C@@H]1CC[C@@]2(O)C#C,cerazette
oxybutynin,1278,oxybutynin,CCN(CC)CC#CCOC(=O)C(O)(C1CCCCC1)c2ccccc2,CCN(CC)CC#CCOC(=O)C(O)(C1CCCCC1)c2ccccc2,oxybutynin
adalat 5mg capsule,1264,adalat,COC(=O)C1=C(C)NC(=C(C1c2ccccc2[N+]([O-])=O)C(=O)OC)C,COC(=O)C1=C(C)NC(=C(C1c2ccccc2[N+]([O-])=O)C(=O)OC)C,adalat
gtn 400micrograms spray,1262,glyceryl trinitrate,"OCC(O)CO[N+]([O-])=O.[O-][N+]([O-])=O.[O-][N+]([O-])=O, [O-][N+](=O)OCC(CO[N+]([O-])=O)O[N+]([O-])=O",OCC(O)CO[N+]([O-])=O,glyceryl_trinitrate
bricanyl 250mcg inhaler,1216,bricanyl,CC(C)(C)[NH2+]CC(O)c1cc(O)cc(O)c1.CC(C)(C)[NH2+]CC(O)c2cc(O)cc(O)c2.[O-][S]([O-])(=O)=O,CC(C)(C)[NH2+]CC(O)c1cc(O)cc(O)c1,bricanyl
pioglitazone,1201,pioglitazone,CCc1ccc(CCOc2ccc(CC3SC(=O)NC3=O)cc2)nc1,CCc1ccc(CCOc2ccc(CC3SC(=O)NC3=O)cc2)nc1,pioglitazone
minerals - magnesium,1193,magnesium,"[MgH2], [Mg]",[MgH2],magnesium
azathioprine,1163,azathioprine,Cn1cnc(c1Sc2ncnc3nc[nH]c23)[N+]([O-])=O,Cn1cnc(c1Sc2ncnc3nc[nH]c23)[N+]([O-])=O,azathioprine
tegretol 100mg tablet,1157,tegretol,NC(=O)N1c2ccccc2C=Cc3ccccc13,NC(=O)N1c2ccccc2C=Cc3ccccc13,tegretol
budesonide,1144,budesonide,CCCC1O[C@@H]2C[C@H]3[C@@H]4CCC5=CC(=O)C=C[C@]5(C)[C@H]4[C@@H](O)C[C@]3(C)[C@@]2(O1)C(=O)CO,CCCC1O[C@@H]2C[C@H]3[C@@H]4CCC5=CC(=O)C=C[C@]5(C)[C@H]4[C@@H](O)C[C@]3(C)[C@@]2(O1)C(=O)CO,budesonide
mometasone,1141,mometasone,C[C@@H]1C[C@H]2[C@@H]3CCC4=CC(=O)C=C[C@]4(C)[C@@]3(Cl)[C@@H](O)C[C@]2(C)[C@@]1(O)C(=O)CCl,C[C@@H]1C[C@H]2[C@@H]3CCC4=CC(=O)C=C[C@]4(C)[C@@]3(Cl)[C@@H](O)C[C@]2(C)[C@@]1(O)C(=O)CCl,mometasone
diltiazem,1130,diltiazem,COc1ccc(cc1)[C@@H]2Sc3ccccc3N(CCN(C)C)C(=O)[C@@H]2OC(C)=O,COc1ccc(cc1)[C@@H]2Sc3ccccc3N(CCN(C)C)C(=O)[C@@H]2OC(C)=O,diltiazem
sildenafil,1111,sildenafil,CCCc1nn(C)c2C(=O)N=C(Nc12)c3cc(ccc3OCC)[S](=O)(=O)N4CCN(C)CC4,CCCc1nn(C)c2C(=O)N=C(Nc12)c3cc(ccc3OCC)[S](=O)(=O)N4CCN(C)CC4,sildenafil
domperidone,1100,domperidone,Clc1ccc2N(C3CCN(CCCN4C(=O)Nc5ccccc45)CC3)C(=O)Nc2c1,Clc1ccc2N(C3CCN(CCCN4C(=O)Nc5ccccc45)CC3)C(=O)Nc2c1,domperidone
terbinafine,1079,terbinafine,CN(C\C=C\C#CC(C)(C)C)Cc1cccc2ccccc12,CN(C\C=C\C#CC(C)(C)C)Cc1cccc2ccccc12,terbinafine
tildiem 60mg m/r tablet,1063,tildiem,[Cl-].COc1ccc(cc1)[C@@H]2Sc3ccccc3N(CCN(C)C)C(=O)[C@@H]2OC(C)=O.[H+],COc1ccc(cc1)[C@@H]2Sc3ccccc3N(CCN(C)C)C(=O)[C@@H]2OC(C)=O,tildiem
temazepam,1059,temazepam,CN1C(=O)C(O)N=C(c2ccccc2)c3cc(Cl)ccc13,CN1C(=O)C(O)N=C(c2ccccc2)c3cc(Cl)ccc13,temazepam
spironolactone,1052,spironolactone,CC(=O)S[C@@H]1CC2=CC(=O)CC[C@]2(C)[C@H]3CC[C@@]4(C)[C@@H](CC[C@@]45CCC(=O)O5)[C@H]13,CC(=O)S[C@@H]1CC2=CC(=O)CC[C@]2(C)[C@H]3CC[C@@]4(C)[C@@H](CC[C@@]45CCC(=O)O5)[C@H]13,spironolactone
pantoprazole,1040,pantoprazole,COc1ccnc(C[S](=O)c2[nH]c3cc(OC(F)F)ccc3n2)c1OC,COc1ccnc(C[S](=O)c2[nH]c3cc(OC(F)F)ccc3n2)c1OC,pantoprazole
sulfasalazine,1019,sulfasalazine,OC(=O)C1=C\C(C=CC1=O)=N/Nc2ccc(cc2)[S](=O)(=O)Nc3ccccn3,OC(=O)C1=C\C(C=CC1=O)=N/Nc2ccc(cc2)[S](=O)(=O)Nc3ccccn3,sulfasalazine
ezetrol 10mg tablet,1002,ezetrol,O[C@@H](CC[C@@H]1[C@H](N(C1=O)c2ccc(F)cc2)c3ccc(O)cc3)c4ccc(F)cc4,O[C@@H](CC[C@@H]1[C@H](N(C1=O)c2ccc(F)cc2)c3ccc(O)cc3)c4ccc(F)cc4,ezetrol
