molecule_chembl_id,canonical_smiles,classification
CHEMBL521179,CN(C)CCOc1cc(-c2cn[nH]c2)ccc1NC(=O)C1COc2ccccc2O1,0
CHEMBL457871,C[C@H]1CCN(C(=O)CC#N)C[C@@H]1N(C)c1ncnc2[nH]ccc12,1
CHEMBL459977,C[C@@H]1CCN(C(=O)CC#N)C[C@H]1N(C)c1ncnc2[nH]ccc12,1
CHEMBL3215582,Cc1ccc2c(Nc3ccc(Cl)cc3)nccc2c1Nc1ncccc1-c1ncnc2[nH]cnc12,0
CHEMBL1165499,CN1CCN(c2ccc(-c3cnc4c(c3)N(Cc3cc(F)ccc3F)CCN4)cn2)CC1,0
CHEMBL1164180,CN1CCN(c2ccc(-c3cnc4c(c3)N(Cc3cc(Cl)ccc3C(F)(F)F)CCN4)cn2)CC1,0
CHEMBL1164181,CN1CCN(c2ccc(-c3cnc4c(c3)N(Cc3cc(Cl)ccc3Cl)CCN4)cn2)CC1,0
CHEMBL1164265,CN1CCN(c2ccc(-c3cnc4c(c3)N(Cc3c(F)ccc(F)c3Cl)CCN4)cn2)CC1,1
CHEMBL1163510,O=C(O)c1ccc(-c2cnc3c(c2)N(Cc2cc(Cl)ccc2C(F)(F)F)CCN3)cc1,0
CHEMBL1163518,O=C(c1ccc(-c2cnc3c(c2)N(Cc2cc(Cl)ccc2C(F)(F)F)CCN3)cc1)N1CCCCC1,0
CHEMBL1163567,COC1CCN(C(=O)c2ccc(-c3cnc4c(c3)N(Cc3cc(Cl)ccc3C(F)(F)F)CCN4)cc2)CC1,0
CHEMBL1163559,O=C(c1ccc(-c2cnc3c(c2)N(Cc2cc(Cl)ccc2C(F)(F)F)CCN3)cc1)N1CCC(N2CCCC2)CC1,0
CHEMBL1163566,FC(F)(F)c1ccc(Cl)cc1CN1CCNc2ncc(-c3ccnc(N4CCNCC4)c3)cc21,1
CHEMBL1163565,CC(=O)N1CCN(c2cc(-c3cnc4c(c3)N(Cc3cc(Cl)ccc3C(F)(F)F)CCN4)ccn2)CC1,0
CHEMBL1171523,CCN1CCN(Cc2ccc(NC(=O)c3ccc(C)c(C#Cc4cccnc4)c3)cc2C(F)(F)F)CC1,0
CHEMBL1170139,CCN1CCN(Cc2ccc(NC(=O)c3ccc(C)c(C#Cc4cnc5[nH]ccc5c4)c3)cc2C(F)(F)F)CC1,0
CHEMBL1215218,CCOC(=O)CCc1c(/C=C2\C(=O)Nc3ccc(NS(=O)(=O)c4ccccc4)cc32)[nH]c2c1C(=O)CCC2,0
CHEMBL1215346,CN(C)CCCc1c(/C=C2\C(=O)Nc3ccc(NS(=O)(=O)c4ccccc4)cc32)[nH]c2c1C(=O)CCC2,0
CHEMBL379300,Cc1n[nH]c2ccc(-c3cncc(OC[C@@H](N)Cc4c[nH]c5ccccc45)c3)cc12,0
CHEMBL1254209,COc1ccccc1N1CCN(c2ncnc3[nH]nc(Br)c23)CC1,0
CHEMBL577784,O=C(NCCCNc1nc(Nc2cccc(NC(=O)N3CCCC3)c2)ncc1I)c1cccs1,0
CHEMBL1644812,CCN1C(=O)CCC(C)(C)c2ccc(Nc3ncc(Cl)c(Nc4c(F)cccc4C(=O)NC)n3)cc21,1
CHEMBL1822054,CC(=O)Nc1cn2nc(-c3cnc(Cl)c(NS(=O)(=O)c4ccc(F)cc4)c3)ccc2n1,0
CHEMBL1834114,Nc1c(F)c(NCCCc2ccccc2)c(F)c2c1c(=O)c(C(=O)O)cn2C1CC1,0
CHEMBL1834318,Nc1c(F)c(NCCNc2ccccn2)c(F)c2c1c(=O)c(C(=O)O)cn2C1CCCC1,0
CHEMBL1834323,C[C@H]1COc2c(NCCNc3ccccn3)c(F)c(N)c3c(=O)c(C(=O)O)cn1c23,0
CHEMBL1834324,CC(C)[C@@H]1COc2c(NCCNc3ccccn3)c(F)c(N)c3c(=O)c(C(=O)O)cn1c23,0
CHEMBL1834330,Nc1c(F)c(NCCNc2ccccn2)c2c3c1c(=O)c(C(=O)O)cn3C1(CCCC1)CO2,0
CHEMBL1939491,CNC(=O)c1cccc(F)c1Nc1nc(Nc2ccc3c(c2)NC(=O)[C@H](NC(=O)N2CCCC2)CC3(C)C)ncc1Cl,1
CHEMBL2086760,CCN1CCC(Nc2ccc3c(c2)C(=C(c2ccc(Cl)cc2)c2ncc[nH]2)C(=O)N3)CC1,1
CHEMBL2204495,O=C(Nc1cccnc1)c1cc(-c2ccnc(F)c2)ccc1OCc1ccccc1,1
CHEMBL2205766,CC(C)(C)NS(=O)(=O)c1cncc(-c2ccn3nc(N)nc3c2)c1,0
CHEMBL2425646,O[C@H]1CC[C@H](Nc2nccc(-n3ccc4ccccc43)n2)CC1,0
CHEMBL2425644,O[C@H]1CC[C@H](Nc2nccc(-c3n[nH]c4ccccc34)n2)CC1,1
CHEMBL2425645,O[C@H]1CC[C@H](Nc2nccc(-n3ncc4ccccc43)n2)CC1,0
CHEMBL2425654,O[C@H]1CC[C@H](Nc2nccc(-n3nnc4ccccc43)n2)CC1,0
CHEMBL3338802,Cc1ccc(-c2cc(C(=O)Nc3ccnc(Cl)c3)nn2-c2ccc3ccccc3n2)cc1,0
CHEMBL166031,CC(C)(C)c1cc(NC(=O)Nc2ccc(Oc3ccncc3)cc2)no1,0
CHEMBL3628627,CS(=O)(=O)c1cccc(Nc2nccc(-c3sc(N4CCOCC4)nc3-c3cccc(NS(=O)(=O)c4c(F)cccc4F)c3)n2)c1,0
CHEMBL3628628,COCCNC(=O)c1ccc2c(c1)nc(-c1cnc(-c3ccc(Cl)cc3)[nH]1)n2CCOC,0
CHEMBL3745885,Cn1c(=O)c(S(=O)(=O)c2ccc(F)cc2F)cc2cnc(Nc3ccc4[nH]ccc4c3)nc21,0
CHEMBL4077123,C=CC(=O)Nc1cc(Nc2cc(-c3cccc(NC(=O)c4ccc(C(C)(C)C)cc4)c3C)cn(C)c2=O)ccc1C(=O)N1CCOCC1,0
CHEMBL4084955,c1cc(-c2c[nH]c3cnccc23)ccn1,0
CHEMBL4092508,COc1cc(OC)c(Cl)c(N2Cc3cnc(Nc4ccc(F)cc4)nc3N(C3CCN(C(=O)/C=C/CN(C)C)CC3)C2=O)c1Cl,0
CHEMBL4077554,NCCCC[C@H](NC(=O)[C@H](CC(=O)O)NC(=O)[C@H](CC(=O)O)NC(=O)[C@H](CC(=O)O)NC(=O)[C@H](CC(=O)O)NC(=O)[C@H](CC(=O)O)NC(=O)[C@H](CC(=O)O)NC(=O)CCCCCCCCOc1nc2cc(C(=O)O)ccc2c2cnccc12)C(=O)O,0
CHEMBL4096145,CC1(C)[C@H](Nc2c(C(N)=O)cnn3cc(-c4ccccc4)cc23)CC[C@]1(C)N,1
CHEMBL4080797,COc1ccc(-c2cc3c(N[C@@H]4CC[C@](C)(N)C4(C)C)c(C(N)=O)cnn3c2)cn1,1
CHEMBL3883384,C=CC(=O)Nc1ccccc1Nc1nc(Nc2ccc(N3CCN(C)CC3)cc2)ncc1Cl,0
CHEMBL3884839,C=CC(=O)Nc1ccccc1Oc1nc(Nc2cnn(CCOC)c2)ncc1Cl,0
CHEMBL1077979,COc1cc(O)c2c(c1)/C=C/C[C@H](O)[C@H](O)C(=O)/C=C\C[C@H](C)OC2=O,0
CHEMBL4174988,Cc1cccc(S(=O)(=O)Nc2cc(-c3sc(NC(=O)[C@@H](N)C(C)C)nc3C)cnc2Cl)c1,0
CHEMBL4209540,Cc1cccc(-c2nc(N)sc2-c2ccc3ncccc3n2)c1,0
CHEMBL3969370,C=CC(=O)Nc1ccc(C(=O)Nc2ccc(Nc3ncc4c(n3)N(C)c3ccc(C)cc3C(=O)N4C)cc2)cc1,0
CHEMBL4206831,CCC(=O)Nc1ccc(C(=O)Nc2ccc(Nc3ncc4c(n3)N(C)c3ccc(C)cc3C(=O)N4C)cc2)cc1,0
CHEMBL4207014,CS(=O)(=O)c1ccc(-n2nc(-c3cnc4[nH]ccc4c3)c3c(N)ncnc32)cc1,0
CHEMBL4247298,Cc1ccc(NC(=O)c2ccc(CN(CCN(C)C)C(=O)c3cccnc3)cc2)cc1Nc1nccc(-c2cccnc2)n1,0
CHEMBL4281823,CCn1cc(-c2ccc3c(c2)CCN3C(=O)Cc2cccc(OC(F)(F)F)c2)c2c(N)ncnc21,1
CHEMBL4281048,COCCN[C@H]1CC[C@H](Nc2cc(-c3csc(NCC4(C#N)CCOCC4)n3)c(Cl)cn2)CC1,0
CHEMBL4533018,CC(C)N1C(=O)C(NCCCN(C)C)=C(c2cn(C)c3ccccc23)C1=O,0
CHEMBL4557538,Cc1cc(C)c(CNc2nc(Cl)nc3c2ncn3C2CCCC2)c(=O)[nH]1,0
CHEMBL4438024,ClC/C=C/C[N+]12CN3CN(CN(C3)C1)C2,0
CHEMBL4446405,C(=C/c1ccccc1)\C[N+]12CN3CN(CN(C3)C1)C2,0
CHEMBL388978,CN[C@@H]1C[C@H]2O[C@@](C)([C@@H]1OC)n1c3ccccc3c3c4c(c5c6ccccc6n2c5c31)C(=O)NC4,1
CHEMBL4563315,CC(C)Nc1sc(C(=O)c2ccc(Cl)s2)c(N)c1C#N,1
CHEMBL4455512,N=C1NC(=O)/C(=C\c2ccc(-c3cccc([N+](=O)[O-])c3)o2)S1,0
CHEMBL4568120,C=CCOC(=O)c1cc(-c2ccc(/C=C3/NC(=S)NC3=O)o2)ccc1Cl,0
CHEMBL4472294,C[C@@H](c1ccccc1)n1nnc2cnc3ccc(-c4cnc5[nH]ccc5c4)cc3c21,0
CHEMBL4515441,C=CC(=O)Nc1ccccc1Nc1nc(Nc2ccc(N3CCN(C)CC3)cc2)ncc1C(=O)Nc1c(C)cccc1Cl,0
CHEMBL4436895,O=C(Nc1cccnc1)c1cc(C(=O)c2c(F)cccc2Br)c[nH]1,0
CHEMBL4528675,COc1ccc(N2C(=O)COc3ccc(-c4cnc(OC)c(NS(=O)(=O)c5ccc(F)cc5)c4)cc32)cc1,0
CHEMBL4548580,CN(C)C(=O)c1cc2cnc(Nc3ccc(NC(=O)CCCCCCCN=C=S)cc3)nc2n1C1CCCC1,1
CHEMBL4459587,C=CS(=O)(=O)Nc1ccc(Cc2ccc3ccccc3c2)cc1,0
CHEMBL4438748,CN(C)c1ccc(C(=O)Nc2cccc(NC(=O)COc3ccc4c(=O)ccoc4c3)c2)cc1,0
CHEMBL4473365,C=CC(=O)Nc1cc(Nc2ncc(Cl)c(Nc3ccccc3S(=O)(=O)C(C)C)n2)c(OC)cc1N(C)CCN(C)C,1
CHEMBL4555459,O=C(Nc1cccc([C@H]2CCCN(c3ncnc4[nH]ccc34)C2)c1)Nc1ccccc1N1CCCC1,0
CHEMBL4564973,O=C(Nc1cccc([C@@H]2CN(c3ncnc4[nH]ccc34)CCN2CCO)c1)Nc1c(F)cccc1N1CCCC1,1
CHEMBL4559936,O=C(Nc1cc(-c2cn(CCNc3c4c(nc5ccccc35)CCCC4)nn2)ccn1)Nc1cccc2c1C1CCCCN1C2=O,1
CHEMBL4455923,CC[C@H](Nc1nc(N)nc(C)c1C#N)c1nc2cccc(NCc3ccc(C(=O)NO)cc3)c2c(=O)n1-c1ccccc1,0
CHEMBL4640297,Cc1ccc(C(=O)Nc2ccc(CN3CCC4C=NNC4C3)c(Cl)c2)cc1C#Cc1cnc2cccnn12,1
CHEMBL4640297,Cc1ccc(C(=O)Nc2ccc(CN3CCC4C=NNC4C3)c(Cl)c2)cc1C#Cc1cnc2cccnn12,0
CHEMBL4638981,Cc1ccc(C(=O)Nc2ccc(CN3Cc4cn[nH]c4C3)c(Cl)c2)cc1C#Cc1cnc2cccnn12,1
CHEMBL255863,Cc1cn(-c2cc(NC(=O)c3ccc(C)c(Nc4nccc(-c5cccnc5)n4)c3)cc(C(F)(F)F)c2)cn1,0
CHEMBL1171837,Cc1ccc(C(=O)Nc2ccc(CN3CCN(C)CC3)c(C(F)(F)F)c2)cc1C#Cc1cnc2cccnn12,1
CHEMBL4445670,CN1CCN(c2cnc3c(C4CCN(C(=O)c5ccc(OC(F)(F)F)cc5N)CC4)ncnc3c2)CC1,0
CHEMBL4580220,CCc1ccccc1C(=O)Nc1n[nH]c2c(C)c(F)c(C3C(C#N)=C(C)N(C)C(C)=C3C#N)cc12,0
CHEMBL2216825,C[C@H]1O[C@@H]2CC(=O)O[C@@H]2C2=C1C(=O)c1c(ccc([C@H]3C[C@@H](N(C)C)[C@H](O)[C@@H](C)O3)c1O)C2=O,0
CHEMBL521179,CN(C)CCOc1cc(-c2cn[nH]c2)ccc1NC(=O)C1COc2ccccc2O1,0
CHEMBL86755,O=C1Nc2ccccc2/C1=C/c1ccc[nH]1,1
CHEMBL249097,Cc1ccc(O)cc1Nc1ccnc(Nc2cccc(C(N)=O)c2)n1,1
CHEMBL450519,Nc1ncnc2c1c(-c1cccc(O)c1)cn2C1CCNCC1,1
CHEMBL457871,C[C@H]1CCN(C(=O)CC#N)C[C@@H]1N(C)c1ncnc2[nH]ccc12,1
CHEMBL282342,CN(C)c1ccc(-c2cc3ncccc3c(NCCCCN)n2)cc1,1
CHEMBL459977,C[C@@H]1CCN(C(=O)CC#N)C[C@H]1N(C)c1ncnc2[nH]ccc12,1
CHEMBL92361,O=C(O)Cc1c2ccccc2n2c1[nH]c(=O)c1ccccc12,0
CHEMBL28,O=c1cc(-c2ccc(O)cc2)oc2cc(O)cc(O)c12,0
CHEMBL289277,Cc1cc(O)c2c(c1)C(=O)c1cc(O)cc(O)c1C2=O,0
CHEMBL3215582,Cc1ccc2c(Nc3ccc(Cl)cc3)nccc2c1Nc1ncccc1-c1ncnc2[nH]cnc12,0
CHEMBL1165499,CN1CCN(c2ccc(-c3cnc4c(c3)N(Cc3cc(F)ccc3F)CCN4)cn2)CC1,0
CHEMBL1164180,CN1CCN(c2ccc(-c3cnc4c(c3)N(Cc3cc(Cl)ccc3C(F)(F)F)CCN4)cn2)CC1,0
CHEMBL1164181,CN1CCN(c2ccc(-c3cnc4c(c3)N(Cc3cc(Cl)ccc3Cl)CCN4)cn2)CC1,0
CHEMBL1164265,CN1CCN(c2ccc(-c3cnc4c(c3)N(Cc3c(F)ccc(F)c3Cl)CCN4)cn2)CC1,1
CHEMBL1163510,O=C(O)c1ccc(-c2cnc3c(c2)N(Cc2cc(Cl)ccc2C(F)(F)F)CCN3)cc1,0
CHEMBL1163518,O=C(c1ccc(-c2cnc3c(c2)N(Cc2cc(Cl)ccc2C(F)(F)F)CCN3)cc1)N1CCCCC1,0
CHEMBL1163567,COC1CCN(C(=O)c2ccc(-c3cnc4c(c3)N(Cc3cc(Cl)ccc3C(F)(F)F)CCN4)cc2)CC1,0
CHEMBL1163559,O=C(c1ccc(-c2cnc3c(c2)N(Cc2cc(Cl)ccc2C(F)(F)F)CCN3)cc1)N1CCC(N2CCCC2)CC1,1
CHEMBL1163566,FC(F)(F)c1ccc(Cl)cc1CN1CCNc2ncc(-c3ccnc(N4CCNCC4)c3)cc21,1
CHEMBL1163565,CC(=O)N1CCN(c2cc(-c3cnc4c(c3)N(Cc3cc(Cl)ccc3C(F)(F)F)CCN4)ccn2)CC1,0
CHEMBL1171523,CCN1CCN(Cc2ccc(NC(=O)c3ccc(C)c(C#Cc4cccnc4)c3)cc2C(F)(F)F)CC1,0
CHEMBL1170139,CCN1CCN(Cc2ccc(NC(=O)c3ccc(C)c(C#Cc4cnc5[nH]ccc5c4)c3)cc2C(F)(F)F)CC1,0
CHEMBL1215218,CCOC(=O)CCc1c(/C=C2\C(=O)Nc3ccc(NS(=O)(=O)c4ccccc4)cc32)[nH]c2c1C(=O)CCC2,0
CHEMBL1215346,CN(C)CCCc1c(/C=C2\C(=O)Nc3ccc(NS(=O)(=O)c4ccccc4)cc32)[nH]c2c1C(=O)CCC2,0
CHEMBL1241578,CC(C)n1nc(-c2ccc(Br)c(O)c2)c2c(N)ncnc21,0
CHEMBL1081312,Nc1ncnc2c1c(-c1cnc3[nH]ccc3c1)nn2C1CCCC1,0
CHEMBL1233882,CC(C)n1nc(-c2ccc3ncccc3c2)c2c(N)ncnc21,0
CHEMBL1233881,COc1ccc(-c2nn(C3CCC3)c3ncnc(N)c23)cc1OC,0
CHEMBL1241674,CC(C)n1nc(-c2cc3cc(O)ccc3[nH]2)c2c(N)ncnc21,0
CHEMBL1230790,CC(C)n1nc(-c2cccc(O)c2)c2c(N)ncnc21,0
CHEMBL1234815,Cn1nc(-c2ccc3ccccc3c2)c2c(N)ncnc21,0
CHEMBL288441,COc1cc(Nc2c(C#N)cnc3cc(OCCCN4CCN(C)CC4)c(OC)cc23)c(Cl)cc1Cl,1
CHEMBL379300,Cc1n[nH]c2ccc(-c3cncc(OC[C@@H](N)Cc4c[nH]c5ccccc45)c3)cc12,1
CHEMBL1254209,COc1ccccc1N1CCN(c2ncnc3[nH]nc(Br)c23)CC1,0
CHEMBL577784,O=C(NCCCNc1nc(Nc2cccc(NC(=O)N3CCCC3)c2)ncc1I)c1cccs1,1
CHEMBL1822054,CC(=O)Nc1cn2nc(-c3cnc(Cl)c(NS(=O)(=O)c4ccc(F)cc4)c3)ccc2n1,1
CHEMBL1834114,Nc1c(F)c(NCCCc2ccccc2)c(F)c2c1c(=O)c(C(=O)O)cn2C1CC1,0
CHEMBL1834318,Nc1c(F)c(NCCNc2ccccn2)c(F)c2c1c(=O)c(C(=O)O)cn2C1CCCC1,0
CHEMBL1834323,C[C@H]1COc2c(NCCNc3ccccn3)c(F)c(N)c3c(=O)c(C(=O)O)cn1c23,0
CHEMBL1834324,CC(C)[C@@H]1COc2c(NCCNc3ccccn3)c(F)c(N)c3c(=O)c(C(=O)O)cn1c23,0
CHEMBL1834330,Nc1c(F)c(NCCNc2ccccn2)c2c3c1c(=O)c(C(=O)O)cn3C1(CCCC1)CO2,0
CHEMBL1940980,C[C@H]1COc2c(NCCCn3cccn3)c(F)c(N)c3c(=O)c(C(=O)O)cn1c23,0
CHEMBL1940981,C[C@H]1COc2c(NCCCn3cccn3)c(F)c(N)c3c(=O)c(C#N)cn1c23,0
CHEMBL1940987,C[C@H]1COc2c(NCCCc3ccccn3)c(F)c(N)c3c(=O)c(C(=O)O)cn1c23,0
CHEMBL1940990,C[C@H]1COc2c(NCCCc3ccccn3)c(F)c(N)c3c(=O)c(C#N)cn1c23,0
CHEMBL1956070,CN1CCN(c2ccc(Nc3nc(N)c(C(=O)c4ccc5c(c4)OCCO5)s3)cc2)CC1,0
CHEMBL2152768,CC(C)(O)C1CCN(Cc2ccc3nc(-c4c(F)ccc5[nH]ccc45)nc(N4CCOCC4)c3n2)CC1,0
CHEMBL2171124,Cn1cc(-c2ccc3c(c2)CCN3C(=O)Cc2cccc(C(F)(F)F)c2)c2c(N)ncnc21,1
CHEMBL2204495,O=C(Nc1cccnc1)c1cc(-c2ccnc(F)c2)ccc1OCc1ccccc1,0
CHEMBL2205766,CC(C)(C)NS(=O)(=O)c1cncc(-c2ccn3nc(N)nc3c2)c1,0
CHEMBL2348865,O=c1[nH]c2ncc(-c3ccc(-c4nc[nH]n4)cc3)nc2n1CCC1CCOCC1,0
CHEMBL2348862,CC(C)(O)c1ccc(-c2cnc3c(n2)N(CC2CCOCC2)CC(=O)N3)cn1,0
CHEMBL2402081,CC[C@@H]1C(=O)N(C)c2cnc(-n3ccnc3-c3ccc(F)cc3)nc2N1c1ccn(C)n1,0
CHEMBL2408616,Nc1ncc(-c2cnn([C@H]3CC[C@H](O)CC3)c2)c2c(C(F)F)c(-c3cccc4nnsc34)oc12,0
CHEMBL2425646,O[C@H]1CC[C@H](Nc2nccc(-n3ccc4ccccc43)n2)CC1,0
CHEMBL2425644,O[C@H]1CC[C@H](Nc2nccc(-c3n[nH]c4ccccc34)n2)CC1,1
CHEMBL2425645,O[C@H]1CC[C@H](Nc2nccc(-n3ncc4ccccc43)n2)CC1,0
CHEMBL2425649,O=C([C@H]1CC[C@H](Nc2nccc(-n3nnc4ccccc43)n2)CC1)N1CCOCC1,0
CHEMBL2425652,N[C@H]1CC[C@H](Nc2nccc(-n3nnc4ccccc43)n2)CC1,0
CHEMBL2425654,O[C@H]1CC[C@H](Nc2nccc(-n3nnc4ccccc43)n2)CC1,0
CHEMBL3128041,COCCNc1nc2ccc(C#CC(C)(C)O)cc2n1-c1ccnc(N)n1,1
CHEMBL3128042,COCCNc1nc2ccc(C#CC3(O)CCCCC3)cc2n1-c1ccnc(N)n1,0
CHEMBL3128050,Cc1nc2ccc(C#CC3(O)CCCCC3)cc2n1-c1ncnc(N)n1,0
CHEMBL3128044,Cc1nc2ccc(C#CC(C)(C)O)cc2n1-c1ncnc(N)n1,1
CHEMBL3355482,CN(Cc1ccccc1)C(=O)c1ccc(S(=O)(=O)Nc2ccccc2)cc1,0
CHEMBL3298678,O=C(N[C@H](CO)c1ccc(Cl)c(F)c1)N1CCc2cnc(NC3CCOCC3)nc2C1,0
CHEMBL3298512,C=CC(=O)[C@H](Cc1ccccc1)NC(=O)OC(C)(C)C,0
CHEMBL3338802,Cc1ccc(-c2cc(C(=O)Nc3ccnc(Cl)c3)nn2-c2ccc3ccccc3n2)cc1,0
CHEMBL3326761,CS(=O)(=O)c1ccc(-c2cc3c(Nc4ccncc4)ncnn3c2)cc1,1
CHEMBL3326802,CC(C)(O)Cn1cc(-c2ccc(-c3cc4c(Nc5ccncc5)ncnn4c3)cc2)cn1,1
CHEMBL3577124,CNc1ncc2cc(-c3cc(NC(=O)NCCC(C)(C)C)c(F)cc3C)c(C)nc2n1,1
CHEMBL3594181,C[C@H]1CN(C)C(=O)[C@@H]1c1cc(Nc2ccnc(N(C)C[C@H]3CC[C@H](N)CC3)n2)n[nH]1,0
CHEMBL166031,CC(C)(C)c1cc(NC(=O)Nc2ccc(Oc3ccncc3)cc2)no1,1
CHEMBL3628627,CS(=O)(=O)c1cccc(Nc2nccc(-c3sc(N4CCOCC4)nc3-c3cccc(NS(=O)(=O)c4c(F)cccc4F)c3)n2)c1,1
CHEMBL3628628,COCCNC(=O)c1ccc2c(c1)nc(-c1cnc(-c3ccc(Cl)cc3)[nH]1)n2CCOC,0
CHEMBL3741589,O=C(O)C1CN(Cc2ccc(OCc3ccc(Cl)c(Cl)c3)cc2)C1,0
CHEMBL3746293,Cc1c(-c2cc(Nc3cc4n(n3)CCN(C)C4)c(=O)[nH]n2)ccc(F)c1NC(=O)c1cc2ccccc2s1,0
CHEMBL3745885,Cn1c(=O)c(S(=O)(=O)c2ccc(F)cc2F)cc2cnc(Nc3ccc4[nH]ccc4c3)nc21,0
CHEMBL3758502,CC1(C)OCc2c(Nc3n[nH]c4ccccc34)nc(-c3cn[nH]c3)nc21,0
CHEMBL3770443,CNc1ncc2cc(-c3ccc(-c4cccc(C)n4)cc3Cl)c(=O)n(C[C@H]3OC[C@H](N)CO3)c2n1,1
CHEMBL3815093,CNS(=O)(=O)c1ccc(N(C)C)c(Nc2ncnc3cc(OC)c(OC)cc23)c1,0
CHEMBL3813842,CC1(C)OCCn2c1nc1c(N3CCOCC3)nc(-c3cnc(N)nc3)nc12,0
CHEMBL3819447,CNc1ncc2cc(-c3ccc(-n4cncc(C)c4=O)cc3Cl)c(=O)n(CCOC)c2n1,1
CHEMBL3128043,Cc1nc(Nc2[nH]nc3c2CN(C(=O)N[C@H](CN(C)C)c2ccccc2)C3(C)C)c2sccc2n1,1
CHEMBL3979920,Cn1cc(-c2nc(N[C@@H]3CCCC[C@@H]3N)c(F)c3c2C(=O)NC3)cn1,0
CHEMBL4077123,C=CC(=O)Nc1cc(Nc2cc(-c3cccc(NC(=O)c4ccc(C(C)(C)C)cc4)c3C)cn(C)c2=O)ccc1C(=O)N1CCOCC1,0
CHEMBL4084955,c1cc(-c2c[nH]c3cnccc23)ccn1,0
CHEMBL4092508,COc1cc(OC)c(Cl)c(N2Cc3cnc(Nc4ccc(F)cc4)nc3N(C3CCN(C(=O)/C=C/CN(C)C)CC3)C2=O)c1Cl,0
CHEMBL3971067,CC(C)n1cc(-c2cc(-c3ccc(CN4CCOCC4)cc3)cnc2N)nn1,0
CHEMBL4077554,NCCCC[C@H](NC(=O)[C@H](CC(=O)O)NC(=O)[C@H](CC(=O)O)NC(=O)[C@H](CC(=O)O)NC(=O)[C@H](CC(=O)O)NC(=O)[C@H](CC(=O)O)NC(=O)[C@H](CC(=O)O)NC(=O)CCCCCCCCOc1nc2cc(C(=O)O)ccc2c2cnccc12)C(=O)O,0
CHEMBL4071827,C=CC(=O)Nc1cccc(-c2c[nH]c3nccc(-c4[nH]c(CCCO)nc4-c4ccc(F)cc4)c23)c1,1
CHEMBL4096145,CC1(C)[C@H](Nc2c(C(N)=O)cnn3cc(-c4ccccc4)cc23)CC[C@]1(C)N,0
CHEMBL4080797,COc1ccc(-c2cc3c(N[C@@H]4CC[C@](C)(N)C4(C)C)c(C(N)=O)cnn3c2)cn1,0
CHEMBL4095072,Cc1n[nH]c(C)c1-c1ccc2c(NC(=O)c3ccc(N4CCN(C)CC4)cc3)n[nH]c2c1,1
CHEMBL4088455,Cc1[nH]nc(C2CC2)c1-c1ccc2c(NC(=O)C3CC3)noc2c1,0
CHEMBL3883384,C=CC(=O)Nc1ccccc1Nc1nc(Nc2ccc(N3CCN(C)CC3)cc2)ncc1Cl,0
CHEMBL3884839,C=CC(=O)Nc1ccccc1Oc1nc(Nc2cnn(CCOC)c2)ncc1Cl,0
CHEMBL1077979,COc1cc(O)c2c(c1)/C=C/C[C@H](O)[C@H](O)C(=O)/C=C\C[C@H](C)OC2=O,0
CHEMBL3719135,CC(C)n1nc(-c2cnc(N)c(OC(F)(F)F)c2)cc1[C@@H]1[C@H]2CN(C3COC3)C[C@H]21,0
CHEMBL3715238,Nc1ncc(-c2cc([C@@H]3[C@H]4CN(C5COC5)C[C@H]43)n(CC3CC3)n2)cc1C(F)(F)F,0
CHEMBL4125807,Cc1[nH]nc(C2CC2)c1-c1ccc2c(-c3ccc(N4CCN(C)CC4)nc3)n[nH]c2c1,1
CHEMBL4129737,COC(=O)Nc1cc(-c2c(C3CC3)n[nH]c2C)cc2[nH]ncc12,0
CHEMBL4174988,Cc1cccc(S(=O)(=O)Nc2cc(-c3sc(NC(=O)[C@@H](N)C(C)C)nc3C)cnc2Cl)c1,0
CHEMBL4209540,Cc1cccc(-c2nc(N)sc2-c2ccc3ncccc3n2)c1,0
CHEMBL3969370,C=CC(=O)Nc1ccc(C(=O)Nc2ccc(Nc3ncc4c(n3)N(C)c3ccc(C)cc3C(=O)N4C)cc2)cc1,0
CHEMBL4206831,CCC(=O)Nc1ccc(C(=O)Nc2ccc(Nc3ncc4c(n3)N(C)c3ccc(C)cc3C(=O)N4C)cc2)cc1,0
CHEMBL4207014,CS(=O)(=O)c1ccc(-n2nc(-c3cnc4[nH]ccc4c3)c3c(N)ncnc32)cc1,0
CHEMBL4211840,COc1cc(C(N)=O)nc(-c2cccc(C#C[C@]3(O)CCN(C)C3=O)c2)c1,0
CHEMBL4211551,CN1CC[C@@](O)(C#Cc2ccnc(-n3nc(C(N)=O)c4cc(F)ccc43)c2)C1=O,0
CHEMBL4211046,CN1CC[C@@](O)(C#Cc2ccnc(-n3nc(C(N)=O)c4ccccc43)c2)C1=O,0
CHEMBL4216004,CN1CC[C@@](O)(C#Cc2ccnc(-n3nc(C(N)=O)c4c3CCCC4)c2)C1=O,0
CHEMBL3736320,CC(C)n1nc(C#Cc2cccc(NC(=O)c3cccc(C(F)(F)F)c3)c2)c2c(N)ncnc21,0
CHEMBL4247506,CC(C)n1nc(C#Cc2cccc3cc(-c4cccc(C(F)(F)F)c4)ncc23)c2c(N)ncnc21,0
CHEMBL4247298,Cc1ccc(NC(=O)c2ccc(CN(CCN(C)C)C(=O)c3cccnc3)cc2)cc1Nc1nccc(-c2cccnc2)n1,0
CHEMBL4281823,CCn1cc(-c2ccc3c(c2)CCN3C(=O)Cc2cccc(OC(F)(F)F)c2)c2c(N)ncnc21,1
CHEMBL4278763,NC1(c2ccc(-c3cnc4c(-c5ccc(S(N)(=O)=O)c6ccccc56)cnn4c3)cc2)CCC1,0
CHEMBL4281048,COCCN[C@H]1CC[C@H](Nc2cc(-c3csc(NCC4(C#N)CCOCC4)n3)c(Cl)cn2)CC1,0
CHEMBL4533018,CC(C)N1C(=O)C(NCCCN(C)C)=C(c2cn(C)c3ccccc23)C1=O,0
CHEMBL4557538,Cc1cc(C)c(CNc2nc(Cl)nc3c2ncn3C2CCCC2)c(=O)[nH]1,0
CHEMBL4438024,ClC/C=C/C[N+]12CN3CN(CN(C3)C1)C2,0
CHEMBL4446405,C(=C/c1ccccc1)\C[N+]12CN3CN(CN(C3)C1)C2,0
CHEMBL388978,CN[C@@H]1C[C@H]2O[C@@](C)([C@@H]1OC)n1c3ccccc3c3c4c(c5c6ccccc6n2c5c31)C(=O)NC4,1
CHEMBL4563315,CC(C)Nc1sc(C(=O)c2ccc(Cl)s2)c(N)c1C#N,0
CHEMBL4455512,N=C1NC(=O)/C(=C\c2ccc(-c3cccc([N+](=O)[O-])c3)o2)S1,0
CHEMBL4568120,C=CCOC(=O)c1cc(-c2ccc(/C=C3/NC(=S)NC3=O)o2)ccc1Cl,0
CHEMBL4472294,C[C@@H](c1ccccc1)n1nnc2cnc3ccc(-c4cnc5[nH]ccc5c4)cc3c21,1
CHEMBL4515441,C=CC(=O)Nc1ccccc1Nc1nc(Nc2ccc(N3CCN(C)CC3)cc2)ncc1C(=O)Nc1c(C)cccc1Cl,0
CHEMBL4436895,O=C(Nc1cccnc1)c1cc(C(=O)c2c(F)cccc2Br)c[nH]1,0
CHEMBL4528675,COc1ccc(N2C(=O)COc3ccc(-c4cnc(OC)c(NS(=O)(=O)c5ccc(F)cc5)c4)cc32)cc1,0
CHEMBL4548580,CN(C)C(=O)c1cc2cnc(Nc3ccc(NC(=O)CCCCCCCN=C=S)cc3)nc2n1C1CCCC1,1
CHEMBL4459587,C=CS(=O)(=O)Nc1ccc(Cc2ccc3ccccc3c2)cc1,0
CHEMBL4438748,CN(C)c1ccc(C(=O)Nc2cccc(NC(=O)COc3ccc4c(=O)ccoc4c3)c2)cc1,0
CHEMBL4473365,C=CC(=O)Nc1cc(Nc2ncc(Cl)c(Nc3ccccc3S(=O)(=O)C(C)C)n2)c(OC)cc1N(C)CCN(C)C,0
CHEMBL3301610,CCN1CCN(Cc2ccc(Nc3ncc(F)c(-c4cc(F)c5nc(C)n(C(C)C)c5c4)n3)nc2)CC1,0
CHEMBL4545456,CCN1CC2(C1)CN(c1ccc(Nc3ncc(F)c(-c4cnn5c4[C@H](C)CCCC5)n3)nc1)C2,0
CHEMBL4555459,O=C(Nc1cccc([C@H]2CCCN(c3ncnc4[nH]ccc34)C2)c1)Nc1ccccc1N1CCCC1,0
CHEMBL4564973,O=C(Nc1cccc([C@@H]2CN(c3ncnc4[nH]ccc34)CCN2CCO)c1)Nc1c(F)cccc1N1CCCC1,1
CHEMBL4559936,O=C(Nc1cc(-c2cn(CCNc3c4c(nc5ccccc35)CCCC4)nn2)ccn1)Nc1cccc2c1C1CCCCN1C2=O,1
CHEMBL4455923,CC[C@H](Nc1nc(N)nc(C)c1C#N)c1nc2cccc(NCc3ccc(C(=O)NO)cc3)c2c(=O)n1-c1ccccc1,0
CHEMBL4634634,C[C@@H]1C[C@H]1C(=O)N1CCN(c2cnc(C#N)c(-c3cnn(C)c3)n2)C[C@H]1C,1
CHEMBL4636120,COc1cc(-c2cncc(-c3ccc(N4CCNCC4)cc3)c2C)cc(OC)c1F,0
CHEMBL4445670,CN1CCN(c2cnc3c(C4CCN(C(=O)c5ccc(OC(F)(F)F)cc5N)CC4)ncnc3c2)CC1,0
CHEMBL4098877,C[C@H]1CN(c2cc(-c3n[nH]c4ccc(OC5(C)CC5)cc34)ncn2)C[C@@H](C)O1,0
CHEMBL4088216,CN1C(=O)[C@@H](N2CCc3cn(Cc4ccccc4)nc3C2=O)COc2ccccc21,1
CHEMBL4580220,CCc1ccccc1C(=O)Nc1n[nH]c2c(C)c(F)c(C3C(C#N)=C(C)N(C)C(C)=C3C#N)cc12,0
CHEMBL4549667,CN1C(=O)[C@@H](N2CCc3c(nn(Cc4ccccc4)c3Br)C2=O)COc2ccccc21,1
CHEMBL4097778,CN1C(=O)[C@@H](N2CCc3cn(CC4CCS(=O)(=O)CC4)nc3C2=O)COc2ccccc21,1
CHEMBL521179,CN(C)CCOc1cc(-c2cn[nH]c2)ccc1NC(=O)C1COc2ccccc2O1,0
CHEMBL508307,CC(=O)N1CCN(C(=O)Cc2ccc(Nc3ncc(F)c(Nc4ccc(C(=O)Nc5ccccc5Cl)cc4)n3)cc2)CC1,0
CHEMBL561708,COC(=O)Nc1ccc(-c2nc(N3CCOCC3)c3cnn(C4CCN(C(=O)OC)CC4)c3n2)cc1,0
CHEMBL3215582,Cc1ccc2c(Nc3ccc(Cl)cc3)nccc2c1Nc1ncccc1-c1ncnc2[nH]cnc12,0
CHEMBL574236,COc1ccccc1-n1c(-c2ccccc2C)cn2c3c(=O)[nH]c(=O)n(C)c3nc12,0
CHEMBL566515,COc1ccccc1-n1c(-c2cc(O)ccc2C)cn2c3c(=O)[nH]c(=O)n(C)c3nc12,1
CHEMBL1163016,CC1(C)CC(NC(=O)c2cccc(-c3cc4nccc(Nc5cccc(O)c5)n4n3)c2)CC(C)(C)N1[O],1
CHEMBL606245,Cc1c(Nc2c(C#N)cncc2/C=C/CCN2CCC[C@@H](N)C2)ccc2[nH]ccc12,1
CHEMBL1077739,O=C(Nc1ccccc1Cl)c1cnc2ccc(C3CCNCC3)cn12,0
CHEMBL1080994,Cc1c(Nc2c(C#N)cncc2/C=C/c2cccc(S(=O)(=O)N3CCN(C)CC3)c2)ccc2[nH]ccc12,1
CHEMBL1080995,Cc1ncc(C#N)c(Nc2ccc3[nH]ccc3c2C)c1/C=C/c1cccc(S(=O)(=O)N2CCN(C)CC2)c1,0
CHEMBL1087650,CN1C[C@@H]2C[C@H]1CN2c1ccc(-c2ccnc3c(-c4cccc(O)c4)c(-c4ccncc4)nn23)cc1,1
CHEMBL1081678,Cc1cc(OCc2ccc(F)cc2F)c(Br)c(=O)n1-c1cnc(CO)cn1,0
CHEMBL1078665,Cc1cc(OCc2ccc(F)cc2F)c(Br)c(=O)n1Cc1ccc(CN(C)C)cc1,0
CHEMBL1091356,CC(C)N1CCN(C(=O)c2ccc(NC(=O)Nc3ccc(-c4nc(C5CCOCC5)nc(N5C6CCC5COC6)n4)cc3)cc2)CC1,1
CHEMBL1092754,Cn1cc(/C=C2\Oc3cccc(O)c3C2=O)c2c(-c3ccc(C(=O)NCCO)cc3)ccnc21,1
CHEMBL1089524,CN(C)CCCC(=O)Nc1ccc2nccc(Nc3cccc(Br)c3)c2c1,1
CHEMBL1089082,O=C(Nc1cccc(-c2ccnc3cc(-c4ccncc4)nn23)c1)c1cccc(C(F)(F)F)c1,0
CHEMBL1088901,CN(C)CCCC(=O)Nc1ccc2ncnc(Nc3cccc(Br)c3)c2c1,1
CHEMBL1095627,CC(C)(C)OC(=O)N1CCC(n2ncc3c(N4CCOCC4)nc(-c4ccc(N)cc4)nc32)CC1,0
CHEMBL1095626,COC(=O)N1CCC(n2ncc3c(N4CCOCC4)nc(-c4ccc(N)cc4)nc32)CC1,0
CHEMBL1165499,CN1CCN(c2ccc(-c3cnc4c(c3)N(Cc3cc(F)ccc3F)CCN4)cn2)CC1,1
CHEMBL1164180,CN1CCN(c2ccc(-c3cnc4c(c3)N(Cc3cc(Cl)ccc3C(F)(F)F)CCN4)cn2)CC1,0
CHEMBL1164181,CN1CCN(c2ccc(-c3cnc4c(c3)N(Cc3cc(Cl)ccc3Cl)CCN4)cn2)CC1,0
CHEMBL1164265,CN1CCN(c2ccc(-c3cnc4c(c3)N(Cc3c(F)ccc(F)c3Cl)CCN4)cn2)CC1,1
CHEMBL1163566,FC(F)(F)c1ccc(Cl)cc1CN1CCNc2ncc(-c3ccnc(N4CCNCC4)c3)cc21,1
CHEMBL1163565,CC(=O)N1CCN(c2cc(-c3cnc4c(c3)N(Cc3cc(Cl)ccc3C(F)(F)F)CCN4)ccn2)CC1,0
CHEMBL1171523,CCN1CCN(Cc2ccc(NC(=O)c3ccc(C)c(C#Cc4cccnc4)c3)cc2C(F)(F)F)CC1,0
CHEMBL1170139,CCN1CCN(Cc2ccc(NC(=O)c3ccc(C)c(C#Cc4cnc5[nH]ccc5c4)c3)cc2C(F)(F)F)CC1,0
CHEMBL1241578,CC(C)n1nc(-c2ccc(Br)c(O)c2)c2c(N)ncnc21,0
CHEMBL1081312,Nc1ncnc2c1c(-c1cnc3[nH]ccc3c1)nn2C1CCCC1,1
CHEMBL1233882,CC(C)n1nc(-c2ccc3ncccc3c2)c2c(N)ncnc21,0
CHEMBL1233881,COc1ccc(-c2nn(C3CCC3)c3ncnc(N)c23)cc1OC,0
CHEMBL1241674,CC(C)n1nc(-c2cc3cc(O)ccc3[nH]2)c2c(N)ncnc21,0
CHEMBL1230790,CC(C)n1nc(-c2cccc(O)c2)c2c(N)ncnc21,0
CHEMBL1234815,Cn1nc(-c2ccc3ccccc3c2)c2c(N)ncnc21,0
CHEMBL288441,COc1cc(Nc2c(C#N)cnc3cc(OCCCN4CCN(C)CC4)c(OC)cc23)c(Cl)cc1Cl,1
CHEMBL379300,Cc1n[nH]c2ccc(-c3cncc(OC[C@@H](N)Cc4c[nH]c5ccccc45)c3)cc12,1
CHEMBL1254209,COc1ccccc1N1CCN(c2ncnc3[nH]nc(Br)c23)CC1,0
CHEMBL577784,O=C(NCCCNc1nc(Nc2cccc(NC(=O)N3CCCC3)c2)ncc1I)c1cccs1,1
CHEMBL1644616,S=c1[nH]nc(-c2ccncc2)n1-c1ccc2ccccc2c1,0
CHEMBL1641990,CN(C)C/C=C/C(=O)Nc1ccc2c(C#N)cnc(Nc3cccc(Br)c3)c2c1,0
CHEMBL1641989,CN(C)CCCC(=O)Nc1ccc2c(C#N)cnc(Nc3cccc(Br)c3)c2c1,0
CHEMBL1641992,CN1CCN(CCC(=O)Nc2ccc3c(C#N)cnc(Nc4cccc(Br)c4)c3c2)CC1,0
CHEMBL1236782,COc1cc2nc(-c3cc(F)ccc3O)nc(N[C@@H]3CNC[C@H]3C(C)(C)O)c2cc1OC,1
CHEMBL1650131,CC(C)(O)[C@@H]1CNC[C@H]1Nc1nc(-c2cc(-c3cc[nH]n3)ccc2O)nc2ccccc12,1
CHEMBL1767254,NC(=O)c1ccsc1NC(=O)Cc1csc2ccccc12,0
CHEMBL1822054,CC(=O)Nc1cn2nc(-c3cnc(Cl)c(NS(=O)(=O)c4ccc(F)cc4)c3)ccc2n1,0
CHEMBL215205,Nc1n[nH]c(N)c1/N=N/c1ccc(O)cc1,1
CHEMBL1927262,Cc1ccc(F)cc1-c1nc2[nH]nc(N)c2c2c1CCCC2,1
CHEMBL1933142,Cn1cc(NC(=O)c2ccc3cc4n(c3c2)C(C)(C)CNC4=O)nc1C(=O)NC1CCCC1,1
CHEMBL1933143,Cc1cc(NC(=O)c2ccc3cc4n(c3c2)CCCNC4=O)on1,1
CHEMBL1933148,Cn1cc(NC(=O)c2ccc3cc4n(c3c2)CCCNC4=O)cn1,1
CHEMBL1933279,Cn1c(NC(=O)c2ccc3cc4n(c3c2)CCCNC4=O)nc2ccccc21,1
CHEMBL1909412,NCc1ccc(-c2nc(-c3ccc(Cl)c(O)c3)c(-c3ccncc3)[nH]2)cc1,0
CHEMBL1789962,COc1cc(C=NNc2ncnc3c2cnn3Cc2ccccc2)ccc1O,0
CHEMBL318892,CN1CCC(n2cnc(-c3ccc(F)cc3)c2-c2ccnc(Nc3ccccc3)n2)CC1,0
CHEMBL1516890,Cn1cc(C=C2C(=O)Nc3cccnc32)c2ccccc21,0
CHEMBL188048,Cn1c(-c2nonc2N)nc2cnccc21,0
CHEMBL261129,CN1CCC(C(=O)Nc2n[nH]c3nc(-c4ccc(O)cc4)c(Br)cc23)CC1,0
CHEMBL185710,CCn1c(-c2nonc2N)nc2ccncc21,0
CHEMBL188794,COc1ccc(-c2nn3ncccc3c2-c2ccnc(Nc3ccc(Cl)c(C(F)(F)F)c3)n2)cc1,0
CHEMBL1909378,NC(=O)c1ccc(-c2nc(-c3ccccn3)c(-c3ccc4c(c3)OCO4)[nH]2)cc1,0
CHEMBL466412,CN(C)C(=O)O[C@@H]1CN[C@@H](C#Cc2cc3ncnc(Nc4ccc(OCc5cccc(F)c5)c(Cl)c4)c3s2)C1,0
CHEMBL1794060,COc1ccc(Nc2ncc(-c3ccccc3)o2)cc1OC,0
CHEMBL408732,COc1ccc(-c2ccc3c(NC(=O)C4CC4)n[nH]c3n2)cc1,0
CHEMBL362155,FC(F)(F)c1cccc(-c2nn3ncccc3c2-c2ccnc(Nc3ccc4c(c3)OCCO4)n2)c1,0
CHEMBL220465,CCn1c(-c2nonc2N)nc2cnc(Oc3cccc(NC(=O)c4ccc(N(C)C)cc4)c3)cc21,0
CHEMBL365072,CCc1nccc2c1nc(-c1nonc1N)n2CC,0
CHEMBL1909370,COC(=O)Nc1nc2cc(Oc3ccc(NC(=O)Nc4cccc(Br)c4)cc3)ccc2[nH]1,0
CHEMBL1909367,COC(=O)Nc1nc2ccc(S(=O)(=O)c3ccc(NC(=O)Nc4cc(C(F)(F)F)ccc4F)cc3)cc2[nH]1,0
CHEMBL485745,Fc1ccc(-c2nn3ccccc3c2-c2ccncc2)cc1,0
CHEMBL359999,COc1cc(Nc2nccc(-c3cnn4ncccc34)n2)cc(OC)c1,0
CHEMBL359999,COc1cc(Nc2nccc(-c3cnn4ncccc34)n2)cc(OC)c1,1
CHEMBL1794061,N#Cc1cccc(Nc2ncc(-c3ccccc3)o2)c1,0
CHEMBL397570,N#Cc1c(NC(=O)c2ccc(F)cc2)sc2c1CCCC2,0
CHEMBL468963,CN1CCN(c2ccc(Nc3nccc(-c4cnn5ncccc45)n3)cc2C(F)(F)F)CC1,0
CHEMBL399410,COc1ccc2cc(-c3c(-c4ccncc4)nc(-c4ccc([S+](C)[O-])cc4)n3C)ccc2c1,0
CHEMBL206544,CC(C)c1ccc(-c2cc(-c3c[nH]nc3-c3ccccn3)ccn2)cc1,0
CHEMBL1909397,Cc1cc(Cl)cc2c1NC(=O)C2=NNc1ccc(S(N)(=O)=O)cc1,0
CHEMBL185238,Cc1cccc(-c2n[nH]cc2-c2ccc3ncccc3n2)n1,0
CHEMBL408564,O=C(Nc1n[nH]c2nc(-c3ccco3)c(Br)cc12)C1CC1,0
CHEMBL1909366,COC(=O)Nc1nc2cc(Oc3cccc(NC(=O)Nc4cc(C(F)(F)F)ccc4F)c3)ccc2[nH]1,0
CHEMBL1909371,COC(=O)Nc1nc2cc(Oc3ccc(NC(=O)Nc4ccccc4)cc3)ccc2[nH]1,0
CHEMBL1909369,COC(=O)Nc1nc2ccc(Oc3ccc(NC(=O)Nc4cc(C(F)(F)F)ccc4F)cc3)cc2s1,0
CHEMBL271843,Cc1ccc2c(c1)/C(=N/Nc1ccc(S(N)(=O)=O)cc1)C(=O)N2,0
CHEMBL482326,COc1cc2ncn(-c3cc(OCc4ccccc4C(F)(F)F)c(C(=O)N(C)C)s3)c2cc1OC,0
CHEMBL1785002,NC(=O)Cc1ccccc1Oc1nccc(-c2c(-c3ccc(F)cc3)ncn2C2CCNCC2)n1,0
CHEMBL458438,COc1cc(N2CCN(C(C)C)CC2)ccc1Nc1nc(Nc2cccc3ncccc23)c2cc[nH]c2n1,0
CHEMBL1096290,CCn1c(-c2nonc2N)nc2c(C#CC(C)(C)O)nc(CN3CCCC3)cc21,0
CHEMBL156987,O=C1NC(=O)C(c2cccc(Cl)c2)=C1Nc1ccc(Cl)c(C(=O)O)c1,0
CHEMBL522709,COc1ccc2ncn(-c3cc(O[C@H](C)c4ccccc4C(F)(F)F)c(C(N)=O)s3)c2c1,0
CHEMBL14112,Fc1ccc(-c2ncn(CCCN3CCOCC3)c2-c2ccncc2)cc1,0
CHEMBL1909349,CCn1c(-c2nonc2N)nc2c(C#CC(C)(C)O)nc(O[C@@H](CN)c3ccccc3)cc21,0
CHEMBL473629,COc1cc2ncn(-c3cc(OCCc4ccccc4)c(C(N)=O)s3)c2cc1OC,0
CHEMBL103115,NS(=O)(=O)c1ccc(Nc2cc(-c3ccc(O)c(F)c3)n[nH]2)cc1,0
CHEMBL1794071,ON=C1CCc2cc(-c3nc(C4CCNCC4)[nH]c3-c3ccncc3)ccc21,0
CHEMBL270164,Cc1nnc(-c2ccc(C)c(-c3ccc(C(=O)Nc4cccc(C#N)c4)cc3)c2)o1,0
CHEMBL1794067,C[C@@H](Oc1cc(-n2cnc3ccc(OC[C@@H](O)CO)cc32)sc1C(N)=O)c1ccccc1Cl,0
CHEMBL1909391,[O-][S+]1CCN(Cc2ccc(-c3ccc4ncnc(Nc5ccc(OCc6ccccc6)c(F)c5)c4c3)o2)CC1,0
CHEMBL269883,CC(C)COC(=O)c1ccc2c(c1)/C(=C/Nc1ccc(S(N)(=O)=O)cc1)C(=O)N2,0
CHEMBL1909411,COc1ccc2ncnc(Nc3ccc(OCc4ccccc4)cc3)c2c1,0
CHEMBL476259,CCCN1CCC(c2ccc(Nc3nc(Nc4cc(F)ccc4C(N)=O)c4cc[nH]c4n3)c(OC)c2)CC1,0
CHEMBL160333,O=C1NC(=O)C(c2cccc(Cl)c2)=C1Nc1ccc(O)c(Cl)c1,0
CHEMBL1909407,Nc1nccc(-c2c(-c3ccc(F)cc3)ncn2C2CCNCC2)n1,0
CHEMBL517507,Cc1ccc(C(=O)NC2CCC2)cc1-c1ccc(C(=O)NCC2CC2)cc1,0
CHEMBL272026,NS(=O)(=O)c1ccc(N/N=C2\C(=O)Nc3ccc(C(=O)NCCCn4ccnc4)cc32)cc1,0
CHEMBL103080,CS(=O)(=O)Nc1cccc(-c2ccc3c(NC(=O)C4CC4)n[nH]c3c2)c1,0
CHEMBL189231,Nc1nonc1-c1nc2cnccc2n1C1CCCCC1,0
CHEMBL95207,CN1CCC(n2cnc(-c3ccc(F)cc3)c2-c2ccnc(N)n2)CC1,0
CHEMBL409892,NS(=O)(=O)c1ccc(N/N=C2\C(=O)Nc3ccc4ncccc4c32)cc1,0
CHEMBL30432,CN(C)c1cc2c(Nc3ccc4c(cnn4Cc4ccccc4)c3)ncnc2cn1,0
CHEMBL263796,CNC(=O)c1cncc(/C=C/c2c(Cl)cccc2Cl)c1,0
CHEMBL517666,CCC(=O)Nc1ccc(C)c(-c2ccc(C(=O)NCC3CC3)cc2)c1,0
CHEMBL1909358,CCS(=O)(=O)c1ccc(OC)c(Nc2nccc(N(C)c3ccc4c(C)n[nH]c4c3)n2)c1,0
CHEMBL1794062,COc1ccccc1Nc1ncc(-c2ccccc2)o1,0
CHEMBL475761,CN1CCN(Cc2ccc(-c3cc4ncnc(Nc5ccc(OCc6cccc(F)c6)c(Cl)c5)c4s3)o2)CC1,0
CHEMBL1909376,CCn1c(-c2nonc2N)nc2cncc(C(=O)N3CCNCC3)c21,0
CHEMBL230597,CS(=O)(=O)Nc1ccc(-c2cc(-c3ccccc3)cc(C(N)=O)c2N)cc1,0
CHEMBL521806,COc1cc2ncn(-c3cc(O[C@@H](C)c4ccccc4Cl)c(C(N)=O)s3)c2cc1OC,0
CHEMBL365286,CCn1c(-c2nonc2N)nc2ccccc21,0
CHEMBL517171,CCCN1CCC(Oc2cc(Nc3nc(Nc4cccc(F)c4C(N)=O)c4cc[nH]c4n3)c(OC)cc2Cl)CC1,0
CHEMBL270544,CC(C)=Cc1cccc2c1/C(=N/Nc1ccc(S(N)(=O)=O)cc1)C(=O)N2,0
CHEMBL476351,Cc1ccc(NC(=O)c2ccnc(N3CCOCC3)c2)cc1-c1ccc(C(=O)NCC2CC2)cc1,0
CHEMBL179453,CCS(=O)(=O)c1ccc(OC)c(Nc2ncc(-c3ccccc3Cl)o2)c1,0
CHEMBL1909402,Nc1nccc(-c2c(-c3ccc(F)cc3)nn3cc(C(F)(F)F)ccc23)n1,0
CHEMBL505915,COc1cc2c(cc1Nc1nc(Nc3cccc(F)c3C(N)=O)c3cc[nH]c3n1)N(C(=O)CN1CCN(C(C)C)CC1)CC2,0
CHEMBL486124,Cc1nc(-c2ccccc2)n2nc(NCCCN3CCOCC3)ncc12,0
CHEMBL183993,CCOc1ccc2c(-c3ccnc(Nc4cccc(C(F)(F)F)c4)n3)cnn2n1,0
CHEMBL188381,CN(c1ccc(NC(=O)Nc2ccc(OC(F)(F)F)cc2)cc1)c1ccnc(Nc2cccc(S(N)(=O)=O)c2)n1,0
CHEMBL1909385,CS(=O)(=O)CCNCc1ccc(-c2ccc3ncnc(Nc4ccc(OCc5ccccc5)cc4)c3c2)o1,0
CHEMBL513897,CCCN1CCC=C(c2ccc(Nc3nc(Nc4ccccc4C(N)=O)c4cc[nH]c4n3)c(C)c2)C1,0
CHEMBL275798,Fc1ccc(-c2ncn(C3CCNCC3)c2-c2ccnc(Oc3ccccc3)n2)cc1,0
CHEMBL475599,CS(=O)(=O)CCNCc1cc(-c2cc3c(Nc4ccc(OCc5cccc(F)c5)c(Cl)c4)ncnc3s2)cs1,0
CHEMBL506414,Fc1cccc(COc2ccc(Nc3ncnc4sc(-c5cccs5)cc34)cc2Cl)c1,0
CHEMBL1909403,OCCCNc1nccc(-c2c(-c3ccc(F)cc3)nn3cc(C(F)(F)F)ccc23)n1,0
CHEMBL1096626,CCn1c(-c2nonc2N)nc2c(C#CC(C)(C)O)nc(OC[C@@H](N)c3ccccc3)cc21,0
CHEMBL1909353,Cc1cc(-c2ccco2)cc(C)c1/C=C/c1cncc(-c2nn[nH]n2)c1,0
CHEMBL458865,COc1cc(N2CCN(C(C)C)CC2)ccc1Nc1nc(Nc2ccc(F)cc2C(N)=O)c2cc[nH]c2n1,0
CHEMBL1909380,COc1cc2ncnc(Nc3ccc4c(cnn4Cc4ccccc4)c3)c2cc1OC,0
CHEMBL275666,Fc1ccc(-c2ncn(C3CCNCC3)c2-c2ccnc(Oc3cccc(C(F)(F)F)c3)n2)cc1,0
CHEMBL1909393,[O-][S+]1CCN(Cc2ccc(-c3ccc4ncnc(Nc5ccc(OCc6ccccc6)c(Cl)c5)c4c3)o2)CC1,0
CHEMBL493326,COc1ccc2ncn(-c3cc(O[C@H](C)c4ccccc4Cl)c(C(N)=O)s3)c2c1,0
CHEMBL1909373,COC(=O)Nc1nc2cc(Oc3ccc(NC(=O)Nc4cccc(C(=O)O)c4)cc3)ccc2[nH]1,0
CHEMBL516248,COc1cccc(COc2cc(-n3cnc4ccccc43)sc2C(N)=O)c1,0
CHEMBL215993,c1ccc(COc2ccc(Nc3ncnc4ccc(-c5ccco5)cc34)cc2)cc1,0
CHEMBL1909386,CS(=O)(=O)CCNCc1coc(-c2ccc3ncnc(Nc4ccc(OCc5ccccc5)cc4)c3c2)c1,0
CHEMBL471789,COc1cc2ncn(-c3cc(OCc4ccccc4C(F)(F)F)c(C(C)=O)s3)c2cc1OC,0
CHEMBL1885746,N#Cc1ccc2c(-c3ccnc(NC4CC4)n3)c(-c3ccc(F)cc3)nn2c1,0
CHEMBL303687,COc1cccc(-n2ncc3c(N/N=C/c4ccc(C)cc4)ncnc32)c1,0
CHEMBL269827,NS(=O)(=O)c1ccc(N/N=C2\C(=O)Nc3ccc(-c4cnco4)cc32)cc1,0
CHEMBL231013,COc1ccc(-c2ccncc2)cc1C(N)=O,0
CHEMBL443563,COc1cc(Nc2ncc(-c3ccccc3)o2)cc(OC)c1OC,0
CHEMBL206010,COc1cccc(-c2c[nH]c3c(N/N=C/c4ccncc4)ncnc23)c1,0
CHEMBL251549,NC(=O)c1cccc(Nc2nccc(Nc3cccc4[nH]ncc34)n2)c1,0
CHEMBL275473,CCN(CC)S(=O)(=O)c1ccc(OC)c(Nc2ncc(-c3ccccc3)o2)c1,0
CHEMBL1096634,CCn1c(-c2nonc2N)nc2c(C#CC(C)(C)O)nc(OC[C@H](N)c3ccccc3)cc21,0
CHEMBL1909382,NC(=O)c1cccc(Nc2nccc(Nc3cccc(F)c3)n2)c1,0
CHEMBL1909364,COC(=O)Nc1nc2ccc(Oc3ccc(NC(=O)Nc4cccc(Cl)c4)cc3)cc2[nH]1,0
CHEMBL13972,N#Cc1ccc(Oc2nccc(-c3c(-c4ccc(F)cc4)ncn3C3CCNCC3)n2)cc1,0
CHEMBL275168,Fc1ccc(-c2ncn(C3CCNCC3)c2-c2ccnc(Oc3ccc(Cl)cc3)n2)cc1,0
CHEMBL1794070,C[C@@H](Oc1cc(-n2cnc3ccc(OC4CCN(C)CC4)cc32)sc1C(N)=O)c1ccccc1Cl,0
CHEMBL205798,CC(=O)Nc1cccc(C#Cc2cncnc2Nc2ccc(OCc3cccc(F)c3)c(Cl)c2)c1,0
CHEMBL1909405,CN(C)CCCNc1nccc(-c2c(-c3ccc(F)cc3)nn3cc(C(F)(F)F)ccc23)n1,0
CHEMBL505187,CCn1cc(-c2ccnc3[nH]ccc23)c(-c2cccc(NC(=O)Nc3ccc(OCc4ccccc4)cc3)c2)n1,0
CHEMBL480371,NC(=O)c1sc(-n2cnc3cc(C(F)(F)F)ccc32)cc1OCc1ccccc1Br,0
CHEMBL518968,CNC(=O)c1sc(-n2cnc3cc(OC)c(OC)cc32)cc1OCc1ccccc1C(F)(F)F,0
CHEMBL1794069,C[C@@H](Oc1cc(-n2cnc3ccc(OCC4CCN(C)CC4)cc32)sc1C(N)=O)c1ccccc1Cl,0
CHEMBL212250,O=S(=O)(CCOCc1ccc(-c2ccc3ncnc(Nc4ccc(OCc5cccc(F)c5)c(Cl)c4)c3c2)o1)c1ccccc1,0
CHEMBL1909400,Cc1cccc(Oc2nccc(-c3c(-c4ccc(F)cc4)ncn3C3CCNCC3)n2)c1C,0
CHEMBL176553,COc1cc(Nc2ncc(-c3ccccc3)o2)cc(OC)c1,0
CHEMBL1794064,CCn1c(-c2nonc2N)nc2c(C#CCN)ncc(OCCCN)c21,0
CHEMBL243907,CCc1cccc(NC(=O)Nc2ccc(Oc3ccc4nc(NC(=O)OC)[nH]c4c3)cc2)c1,0
CHEMBL1909375,CCn1c(-c2nonc2N)nc2c(C#CC(C)(C)O)ncc(OC[C@@H]3CCCN3)c21,0
CHEMBL192417,Cc1cccc(Nc2ncc(-c3ccccc3)o2)c1,0
CHEMBL442363,COc1cccc(-n2nc(C)c3c(N/N=C(\C)c4ccncc4)ncnc32)c1,0
CHEMBL241517,Nc1ncc(-c2cccc(S(N)(=O)=O)c2)c2scc(-c3ccc(F)c(Cl)c3)c12,0
CHEMBL1909388,CS(=O)(=O)CCNCc1ccoc1-c1ccc2ncnc(Nc3ccc(OCc4ccccc4)cc3)c2c1,0
CHEMBL1909350,CCn1c(-c2nonc2N)nc2c(C#CC(C)(C)O)nc(OCCNC)cc21,0
CHEMBL1785003,NC(=O)CCc1ccccc1Oc1nccc(-c2c(-c3ccc(F)cc3)ncn2C2CCNCC2)n1,0
CHEMBL1909387,CS(=O)(=O)CCNCc1ccc(-c2ccc3ncnc(Nc4ccc(OCc5cccc(C(F)(F)F)c5)cc4)c3c2)o1,0
CHEMBL514938,Fc1cccc(COc2ccc(Nc3ncnc4sc(-c5ccco5)cc34)cc2Cl)c1,0
CHEMBL477978,Cc1ccc(C(=O)NC2CCCCC2)cc1-c1ccc(C(=O)NCC2CC2)cc1,0
CHEMBL588025,Nc1ncnc2occ(-c3ccc(NC(=O)Nc4cc(C(F)(F)F)ccc4F)cc3)c12,0
CHEMBL205765,CC(=O)Nc1cccc(C#Cc2cncnc2Nc2ccc(OCc3cccc(F)c3)c(Cl)c2)n1,0
CHEMBL410072,CC(C)(CO)CNC(=O)c1ccc2c(c1)/C(=N/Nc1ccc(S(N)(=O)=O)cc1)C(=O)N2,0
CHEMBL1794066,CCn1c(-c2nonc2N)nc2c(C#CC(C)(C)O)ncc(OC3CCNCC3)c21,0
CHEMBL529066,CS(=O)(=O)CCNCc1ccc(-c2ccc3ncnc(Nc4ccc(OCc5ccccc5)c(Cl)c4)c3c2)o1,0
CHEMBL1785004,Fc1ccc(-c2ncn(C3CCNCC3)c2-c2ccnc(Oc3ccc(F)c(F)c3)n2)cc1,0
CHEMBL268885,COc1c(C(N)=O)cc(-c2ccc(Cl)cc2)cc1-c1ccc(S(N)(=O)=O)cc1,0
CHEMBL511765,COc1cc(C)c(NC(=O)CN(C)C)cc1Nc1nc(Nc2cccc(F)c2C(N)=O)c2cc[nH]c2n1,0
CHEMBL1909355,CS(=O)(=O)CCNCc1nc(-c2ccc3ncnc(Nc4ccc(F)c(Cl)c4)c3c2)cs1,0
CHEMBL188247,Cc1ccc2c(-c3ccnc(Nc4ccc5c(c4)OCCO5)n3)c(-c3ccc(C(F)(F)F)cc3)nn2n1,0
CHEMBL1909408,O=C(O[C@H]1CN[C@H](C#Cc2cc3ncnc(Nc4ccc5c(cnn5Cc5ccccc5)c4)c3s2)C1)N1CCOCC1,0
CHEMBL271594,CC(C)c1ccc2c(c1)NC(=O)/C2=N/Nc1ccc(S(N)(=O)=O)cc1,0
CHEMBL1909409,O=C(O[C@H]1CN[C@H](C#Cc2cc3ncnc(Nc4ccc(Cc5ccccc5)cc4)c3s2)C1)N1CCOCC1,0
CHEMBL1909399,NS(=O)(=O)c1ccc(N/N=C2\C(=O)Nc3cccc(CCc4ccncc4)c32)cc1,0
CHEMBL518953,NC(=O)c1sc(-n2cnc3ccccc32)cc1OCc1ccccc1Br,0
CHEMBL247228,Nc1ncnc2occ(-c3ccc(NC(=O)Nc4cc(C(F)(F)F)ccc4F)cc3)c12,0
CHEMBL14014,Fc1ccc(-c2ncn(C3CCNCC3)c2-c2ccnc(Oc3cccc(F)c3)n2)cc1,0
CHEMBL514499,COc1cc2ncn(-c3cc(OCc4ccccc4C(F)(F)F)c(C(N)=O)s3)c2cc1OC,0
CHEMBL1789961,COc1cc(C=NNc2ncnc3c2cnn3-c2ccccc2)ccc1O,0
CHEMBL204934,COc1cccc(-n2cnc3c(N/N=C/c4ccncc4)ncnc32)c1,0
CHEMBL187081,COc1cccc(Nc2nccc(-c3cnn4ncccc34)n2)c1,0
CHEMBL428877,CCc1ccc(Oc2nccc(-c3c(-c4ccc(F)cc4)ncn3C3CCNCC3)n2)cc1,0
CHEMBL1909343,O=C(Nc1n[nH]c2nnc(-c3cccnc3)cc12)C1CC1,0
CHEMBL1909345,CCN1CCC(C(=O)Nc2n[nH]c3nnc(-c4cccc(F)c4F)cc23)CC1,0
CHEMBL271595,NS(=O)(=O)c1ccc(N/C=C2\C(=O)Nc3ccc4ncsc4c32)cc1,0
CHEMBL13868,Fc1ccc(-c2ncn(C3CCNCC3)c2-c2ccnc(Oc3ccc(Oc4ccccc4)cc3)n2)cc1,0
CHEMBL179465,CCS(=O)(=O)c1ccc(OC)c(Nc2ncc(-c3cccc(F)c3)o2)c1,0
CHEMBL519881,COc1cc(Nc2ncc3c(C)nc(-c4cccc(Oc5ccccc5)c4)n3n2)cc(OC)c1OC,0
CHEMBL220244,Cc1cc(O)cc(C)c1/C=C/c1cncc(C(=O)N(C)C)c1,0
CHEMBL352222,O=C1NC(=O)C(c2cccc([N+](=O)[O-])c2)=C1Nc1cc(Cl)c(O)c(Cl)c1,0
CHEMBL1794072,CN(C)CCOc1ccc(-c2cc(-c3ccc4c(c3)CCC4=NO)c(-c3ccncc3)o2)cc1,0
CHEMBL446024,FC(F)(F)CNc1nccc(-c2cnn3ncccc23)n1,0
CHEMBL1882194,CCN(CC)Cc1ccc(Nc2nccc(-c3cnn4ncccc34)n2)cc1,0
CHEMBL418348,CS(=O)(=O)c1ccc(Oc2nccc(-c3c(-c4ccc(F)cc4)ncn3C3CCNCC3)n2)cc1,0
CHEMBL417804,COc1ccccc1Oc1nccc(-c2c(-c3ccc(F)cc3)ncn2C2CCNCC2)n1,0
CHEMBL273564,Nc1ncnc2occ(-c3ccc(NC(=O)Nc4cccc(C(F)(F)F)c4)cc3)c12,0
CHEMBL218970,CNC(=O)c1cncc(/C=C/c2ccccc2Cl)c1,0
CHEMBL513330,Clc1ccc(CNc2nccc(-c3cnn4ncccc34)n2)cc1,0
CHEMBL2062289,CCN1CCC(CC(=O)Nc2n[nH]c3nnc(-c4cccc(F)c4F)cc23)CC1,0
CHEMBL1909360,CN1CCN(C(=O)c2ccc(NC(=O)Nc3ccc(N(C)c4ccnc(Nc5ccc(CS(C)(=O)=O)cc5)n4)cc3)cc2)CC1,0
CHEMBL373073,COc1ccc(-c2cc3c(N)ncnc3o2)cc1,0
CHEMBL477583,Cc1ccc(NC(=O)c2ccoc2)cc1-c1ccc(C(=O)NCC2CC2)cc1,0
CHEMBL1794058,CS(=O)(=O)Nc1ccc(N/C=C2\C(=O)Nc3ccccc32)cc1,0
CHEMBL1909354,Cc1cc(-c2ccccn2)cc(C)c1/C=C/c1cncc(-c2nn[nH]n2)c1,0
CHEMBL269450,Fc1ccc(Oc2nccc(-c3c(-c4ccc(F)cc4)ncn3C3CCNCC3)n2)cc1,0
CHEMBL305477,COc1cccc(/C=N/Nc2ncnc3c2cnn3-c2cccc(OC)c2)c1,0
CHEMBL273611,Fc1ccc(-c2ncn(C3CCNCC3)c2-c2ccnc(Oc3ccc4c(c3)OCO4)n2)cc1,0
CHEMBL467581,COc1cc(C)c(N(C)C(=O)CN(C)C)cc1Nc1nc(Nc2cccc(F)c2C(N)=O)c2cc[nH]c2n1,0
CHEMBL374453,CC1=C(C(=O)Nc2ccc3[nH]ncc3c2)C(c2ccc(Cl)c(Cl)c2)CC(=O)N1,0
CHEMBL67241,CCCNc1cccc(-n2ncc3c(N/N=C/c4ccncc4)ncnc32)c1,0
CHEMBL234838,N#Cc1c(NC(=O)c2ccccc2F)sc2c1CCCC2,0
CHEMBL1909356,CS(=O)(=O)CCNCc1nc(-c2ccc3ncnc(Nc4ccc(OCc5cccc(C(F)(F)F)c5)cc4)c3c2)cs1,0
CHEMBL1909389,CS(=O)(=O)CCNCc1ccc(-c2ccc3ncnc(Nc4ccc(OCc5ccccc5)c(C(F)(F)F)c4)c3c2)o1,0
CHEMBL1909390,[O-][S+]1CCN(Cc2ccc(-c3ccc4ncnc(Nc5ccc(OCc6cccc(F)c6)c(Cl)c5)c4c3)o2)CC1,0
CHEMBL1909401,O=C([O-])c1ccc(Oc2nccc(-c3c(-c4ccc(F)cc4)ncn3C3CCNCC3)n2)cc1,0
CHEMBL458415,COc1cc2c(cc1Nc1nc(N3CCc4ccccc43)c3cc[nH]c3n1)N(C(=O)CN(C)C)CC2,0
CHEMBL101804,O=C(Nc1n[nH]c2nc(-c3ccco3)ccc12)C1CC1,0
CHEMBL218859,CNC(=O)c1cncc(/C=C/c2c(C)cccc2C)c1,0
CHEMBL188257,COc1ccc(-c2nn3ncccc3c2-c2ccnc(Nc3ccc4c(c3)OCCO4)n2)cc1,0
CHEMBL1794068,C[C@@H](Oc1cc(-n2cnc3ccc(OCC4CCN(C)CC4)cc32)sc1C(N)=O)c1ccccc1C(F)(F)F,0
CHEMBL477979,Cc1ccc(C(=O)NC(C)C)cc1-c1ccc(C(=O)NCC2CC2)cc1,0
CHEMBL205966,Nc1ccc(C#Cc2cncnc2Nc2ccc(OCc3cccc(F)c3)c(Cl)c2)cc1,0
CHEMBL1880739,O=C1Nc2ccc(I)cc2C1=Cc1cc(Br)c(O)c(Br)c1,0
CHEMBL434729,Cc1ccc2c(-c3ccnc(Nc4cccc(C(F)(F)F)c4)n3)c(-c3ccccc3)nn2n1,0
CHEMBL1909392,CS(=O)(=O)CCNCc1ccc(-c2ccc3ncnc(Nc4ccc(OCc5ccccc5)c(Br)c4)c3c2)o1,0
CHEMBL230592,CNC(=O)c1cc(-c2ccc(F)cc2)cc(-c2ccc(S(=O)(=O)N3CCCC3)cc2)c1N,0
CHEMBL1909395,O=S(=O)(CCNCc1ccc(-c2ccc3ncnc(Nc4ccc(OCc5cccc(F)c5)c(Cl)c4)c3c2)o1)c1ccccc1,0
CHEMBL189353,CN(c1ccc(NC(=O)Nc2c(Cl)cccc2Cl)cc1)c1ccnc(Nc2cccc(CS(C)(=O)=O)c2)n1,0
CHEMBL1909365,COC(=O)Nc1nc2ccc(Sc3ccc(NC(=O)Nc4cc(C(F)(F)F)ccc4F)cc3)cc2[nH]1,0
CHEMBL1909347,CN1CCC(C(=O)Nc2n[nH]c3nc(-c4ccc(O)cc4)c(Br)cc23)CC1,0
CHEMBL189415,FC(F)(F)c1cccc(Nc2nccc(-c3cnn4nc(-c5ccccc5)ccc34)n2)c1,0
CHEMBL1794052,COC(=O)c1ccc2c(c1)C(=Cc1cc(Br)c(O)c(Br)c1)C(=O)N2,0
CHEMBL275200,CC(C)(C)c1ccc(Oc2nccc(-c3c(-c4ccc(F)cc4)ncn3C3CCNCC3)n2)cc1,0
CHEMBL275724,NC(=O)c1ccc(Oc2nccc(-c3c(-c4ccc(F)cc4)ncn3C3CCNCC3)n2)cc1,0
CHEMBL384407,CS(=O)(=O)CCN(CC#N)Cc1ccc(-c2ccc3ncnc(Nc4ccc(OCc5cccc(F)c5)c(Cl)c4)c3c2)o1,0
CHEMBL218932,CNC(=O)Oc1cc(C)c(/C=C/c2cncc(C(=O)NC)c2)c(C)c1,0
CHEMBL1909368,O=C(Nc1ccc(Oc2ccc3[nH]c(NC(=O)c4ccco4)nc3c2)cc1)Nc1cc(C(F)(F)F)ccc1F,0
CHEMBL456252,COc1cc2c(cc1Nc1nc(Nc3ccsc3C(N)=O)c3cc[nH]c3n1)N(C(=O)CN(C)C)CCC2,0
CHEMBL495902,Cc1ccc(C(=O)NC2CC2)cc1-c1ccc2[nH]ncc2c1,0
CHEMBL524057,CCc1nn2ncccc2c1-c1ccnc(NC2CC2)n1,0
CHEMBL186213,COc1ccc(-c2nn3ncccc3c2-c2ccnc(Nc3cccc(C(F)(F)F)c3)n2)cc1,0
CHEMBL318728,c1ccc(Nc2ncc(-c3ccccc3)o2)cc1,0
CHEMBL506153,CCn1c(-c2nonc2N)nc2cncc(C(=O)NCCNC)c21,0
CHEMBL207410,CNC(=O)c1cccc(C#Cc2cncnc2Nc2ccc(OCc3cccc(F)c3)c(Cl)c2)c1,0
CHEMBL381604,Nc1nccc(C#Cc2cncnc2Nc2ccc(OCc3cccc(F)c3)c(Cl)c2)n1,0
CHEMBL182283,Cc1ccc(-c2cc3c(NC(=O)C4CC4)ncnc3o2)cc1,0
CHEMBL191705,CCS(=O)(=O)c1ccc(OC)c(Nc2ncc(-c3cccc(C(C)=O)c3)o2)c1,0
CHEMBL194062,NS(=O)(=O)c1ccc(Nc2ncc(-c3ccccc3)o2)cc1,0
CHEMBL218720,CC1=C(C(=O)Nc2ccc3[nH]nc(C)c3c2)C(c2ccc(C(F)(F)F)cc2)CC(=O)N1,0
CHEMBL520037,COc1cc(Nc2ncc3c(C)nc(-c4cccc(C(F)(F)F)c4)n3n2)cc(OC)c1OC,0
CHEMBL156263,COc1ccccc1C1=C(Nc2ccccc2)C(=O)NC1=O,0
CHEMBL261849,COc1ccc(COc2ccc(Cc3cnc(N)nc3N)cc2OC)cc1,0
CHEMBL237571,COc1ccc2cc(-c3c(-c4ccncc4)nc(-c4ccc(S(C)(=O)=O)cc4C)n3C)ccc2c1,0
CHEMBL477182,Cc1ccc(NC(=O)c2ccnc(N3CCCC3)c2)cc1-c1ccc(C(=O)NCC2CC2)cc1,0
CHEMBL261440,O=C(Nc1n[nH]c2cc(-c3cc(F)ccc3F)ccc12)C1CC1,0
CHEMBL507329,O=C(O[C@H]1CN[C@H](C#Cc2cc3ncnc(Nc4ccc(OCc5cccc(F)c5)c(Cl)c4)c3s2)C1)N1CCOCC1,0
CHEMBL427058,CC1=C(C(=O)Nc2cc(Cl)c3[nH]ncc3c2)C(c2ccc(C(F)(F)F)cc2)CC(=O)N1,0
CHEMBL266707,Fc1ccc(-c2c(-c3ccncc3)nc3n2CCS3)cc1,0
CHEMBL103104,NS(=O)(=O)c1ccc(Nc2cc(-c3cccc(O)c3)n[nH]2)cc1,0
CHEMBL1909377,c1ccc(-c2nc3n(c2-c2ccc4c(c2)OCO4)CCC3)nc1,0
CHEMBL1909342,N#Cc1c(NC(=O)CN2CCOCC2)sc2c1CCCC2,0
CHEMBL1888586,Nc1nccc(-c2c(-c3ccc(F)cc3)ncn2C2CCC(O)CC2)n1,0
CHEMBL1909361,CN(c1ccc(NC(=O)NCCN2CCOCC2)cc1)c1ccnc(Nc2ccc(CS(C)(=O)=O)cc2)n1,0
CHEMBL361894,c1cnn2ncc(-c3ccnc(Nc4ccc5c(c4)OCCO5)n3)c2c1,0
CHEMBL160937,O=C1NC(=O)C(c2ccccc2Cl)=C1Nc1cccc(O)c1,0
CHEMBL1909372,CN1CCN(CCCNc2nc3ccc(Oc4ccc(NC(=O)Nc5cc(C(F)(F)F)ccc5F)cc4)cc3[nH]2)CC1,0
CHEMBL1909384,CCn1c(-c2nonc2N)nc2cncc(C(=O)N3CC[C@H](N)C3)c21,0
CHEMBL1794055,NS(=O)(=O)c1ccc(NC=C2C(=O)Nc3ccc4ncsc4c32)cc1,0
CHEMBL233001,N#Cc1c(NC(=O)c2cccc3ccccc23)sc2c1CCCC2,0
CHEMBL477069,CCCN1CCCC(c2ccc(Nc3nc(Nc4cc(F)ccc4C(N)=O)c4cc[nH]c4n3)c(OC)c2)C1,0
CHEMBL95502,CC1(C)CC(n2cnc(-c3ccc(F)cc3)c2-c2ccnc(N)n2)CC(C)(C)N1,0
CHEMBL495696,N#Cc1cccc(Nc2nccc(-c3cnn4ncccc34)n2)c1,0
CHEMBL1895450,CNC(=O)c1ncccc1Nc1nc(Nc2cc3c(cc2OC)CCCN3C(=O)CN(C)C)nc2[nH]ccc12,0
CHEMBL157258,O=C1NC(=O)C(c2ccccc2Cl)=C1Nc1cc(Cl)c(O)c(Cl)c1,0
CHEMBL1909351,NS(=O)(=O)c1cccc(Nc2cc(-c3ccc(F)cc3)n[nH]2)c1,0
CHEMBL1909413,Oc1cccc(-c2nc(-c3ccccc3)[nH]c2-c2ccncc2)c1,0
CHEMBL479079,COc1cc(Nc2nccc(Nc3ccc4c(C)n[nH]c4c3)n2)cc(OC)c1OC,0
CHEMBL1909363,CCn1c(-c2nonc2N)nc2cnc(Oc3cccc(NC(=O)c4ccc(OCCN5CCOCC5)cc4)c3)cc21,0
CHEMBL426800,CCn1c(-c2nonc2N)nc2ccc(F)cc21,0
CHEMBL384073,CC1=C(C(=O)Nc2ccc3[nH]ncc3c2)C(c2ccc(F)cc2)NC(=O)N1,0
CHEMBL1909404,NC(=O)c1ccc2c(-c3ccnc(NCCCO)n3)c(-c3ccc(F)cc3)nn2c1,0
CHEMBL102936,CS(=O)(=O)Nc1ccc(-c2ccc3c(NC(=O)C4CC4)n[nH]c3c2)cc1,0
CHEMBL396107,Nc1ncnc2occ(-c3ccc(NC(=O)Nc4cc(C(F)(F)F)cc(C(F)(F)F)c4)cc3)c12,0
CHEMBL1909398,Cc1cccc2c1NC(=O)/C2=N\Nc1ccc(S(N)(=O)=O)cc1,0
CHEMBL1794065,CCn1c(-c2nonc2N)nc2c(C#CC(C)(C)O)ncc(OCC3CCNCC3)c21,0
CHEMBL463931,COc1cc2c(cc1Nc1nc(Nc3ccsc3C(N)=O)c3cc[nH]c3n1)N(C(=O)CN(C)C)CCC2(C)C,0
CHEMBL69757,COc1cccc(-n2ncc3c(N/N=C/c4cccc(F)c4)ncnc32)c1,0
CHEMBL1794057,O=C1Nc2ccccc2/C1=C/Nc1ccc2[nH]c(=O)[nH]c2c1,0
CHEMBL407113,NS(=O)(=O)c1cccc(-c2ccc3c(NC(=O)C4CC4)n[nH]c3c2)c1,0
CHEMBL306865,COc1cccc(-n2ncc3c(N/N=C/c4ccncc4)ncnc32)c1,0
CHEMBL1794050,O=C1Nc2ccc(-c3cccnc3)cc2C1=Cc1cc(Br)c(O)c(Br)c1,0
CHEMBL272028,NS(=O)(=O)c1ccc(N/N=C2\C(=O)Nc3ccc(C(=O)NCCc4c[nH]cn4)cc32)cc1,0
CHEMBL220243,COC(=O)c1cncc(/C=C/c2c(C)cc(O)cc2C)c1,0
CHEMBL479038,O=C(NCC1CC1)c1ccc(-c2cccc(C(=O)NC3CC3)c2)cc1,0
CHEMBL359963,CC(C)c1ccc(Nc2nccc(-c3cnn4ncccc34)n2)cc1,0
CHEMBL1794056,O=C1Nc2ccccc2/C1=C/Nc1ccc(-n2cncn2)cc1,0
CHEMBL1794073,Cc1nn(C)c2cc(N(C)c3ccnc(Nc4cccc(S(N)(=O)=O)c4)n3)ccc12,0
CHEMBL188268,NCc1ccc(-n2c(-c3nonc3N)nc3cnccc32)cc1,0
CHEMBL208437,c1ccc(-c2n[nH]cc2-c2ccnc(-c3ccc(OCCn4ccnc4)cc3)c2)nc1,0
CHEMBL1909352,Cc1cc(O)cc(C)c1/C=C/c1cncc(-c2nn[nH]n2)c1,0
CHEMBL1956068,COc1ccc2[nH]c3c4[nH]c5ccc(OC)cc5c4c4c(c3c2c1)C(=O)NC4=O,0
CHEMBL517123,CN(C)C(=O)O[C@H]1CN[C@H](C#Cc2cc3ncnc(Nc4ccc(OCc5cccc(F)c5)c(Cl)c4)c3s2)C1,0
CHEMBL512076,CCNC(=O)O[C@H]1CN[C@H](C#Cc2cc3ncnc(Nc4ccc(OCc5cccc(F)c5)c(Cl)c4)c3s2)C1,0
CHEMBL272165,NS(=O)(=O)c1ccc(N/N=C2\C(=O)Nc3ccc(C(=O)NCc4ccncc4)cc32)cc1,0
CHEMBL1909394,CCCN(CCS(C)(=O)=O)Cc1ccc(-c2ccc3ncnc(Nc4ccc(OCc5cccc(F)c5)c(Cl)c4)c3c2)o1,0
CHEMBL1909344,CN1CCC(C(=O)Nc2n[nH]c3nnc(-c4ccccc4)cc23)CC1,0
CHEMBL272414,CN(C)c1ccc2c(c1)/C(=C/Nc1ccc(S(N)(=O)=O)cc1)C(=O)N2,0
CHEMBL237347,Cc1ccc(O)cc1Nc1ccnc2ccc(S(C)(=O)=O)cc12,0
CHEMBL405042,C/C(Nc1ccc(S(N)(=O)=O)cc1)=C1/C(=O)Nc2ccccc21,0
CHEMBL361237,Nc1nc(-c2ccc(F)cc2)c(-c2ccc3ncccc3n2)s1,0
CHEMBL188784,Fc1ccc(Nc2nccc(-c3c(-c4ccc(C(F)(F)F)cc4)nn4ncccc34)n2)cc1F,0
CHEMBL65884,COc1cccc(-n2ncc3c(N/N=C/c4ccc(F)cc4)ncnc32)c1,0
CHEMBL179311,CCS(=O)(=O)c1ccc(OC)c(Nc2ncc(-c3cccc(OC)c3)o2)c1,0
CHEMBL185939,FC(F)(F)c1ccc(-c2nn3ncccc3c2-c2ccnc(Nc3ccc4c(c3)OCCO4)n2)cc1,0
CHEMBL1909415,Fc1cccc(COc2ccc(Nc3ncnc4cc(-c5ccc[nH]5)sc34)cc2Cl)c1,0
CHEMBL365297,Fc1ccc(-c2nn3ncccc3c2-c2ccnc(Nc3ccc4c(c3)OCCO4)n2)cc1,0
CHEMBL207247,CC(=O)NCc1cccc(C#Cc2cncnc2Nc2ccc(OCc3cccc(F)c3)c(Cl)c2)c1,0
CHEMBL405021,O=C(Nc1n[nH]c2cc(-c3ccccc3)ccc12)C1CC1,0
CHEMBL427159,COc1ccc(-c2nn3ncccc3c2-c2ccnc(Nc3ccc(F)c(F)c3)n2)cc1,0
CHEMBL347580,COc1ccc(C2=C(N3CCc4ccccc43)C(=O)NC2=O)cc1,0
CHEMBL218088,Cc1cc(O)cc(C)c1/C=C/c1cncc(C(N)=O)c1,0
CHEMBL365248,COc1ccc2c(-c3ccnc(Nc4cccc(OC(F)(F)F)c4)n3)cnn2n1,0
CHEMBL270054,NS(=O)(=O)c1ccc(N/N=C2\C(=O)Nc3ccc(Cl)cc32)cc1,0
CHEMBL66292,COc1cccc(-n2ncc3c(N/N=C/c4ccc(S(C)(=O)=O)cc4)ncnc32)c1,0
CHEMBL63728,COc1cc(/C=N/Nc2ncnc3c2cnn3C(C)C)ccc1O,0
CHEMBL517907,C#Cc1cccc(Nc2ncnc3ccc(OCCCCNCCS(C)(=O)=O)cc23)c1,0
CHEMBL176857,COc1ccccc1-c1cc(/C=C2\C(=O)Nc3ncc(Br)cc32)cc(Br)c1O,0
CHEMBL230911,NC(=O)c1cc(-c2ccncc2)cc(-c2ccccc2)c1N,0
CHEMBL330422,CN1CCC(n2cnc(-c3ccc(F)cc3)c2-c2ccnc(NCCO)n2)CC1,0
CHEMBL1909362,CN(C)CCNC(=O)Nc1ccc(N(C)c2ccnc(Nc3ccc(CS(C)(=O)=O)cc3)n2)cc1,0
CHEMBL385426,CCc1cccc(CC)c1/C=C/c1cncc(C(=O)NC)c1,0
CHEMBL269985,COc1ccc(CNC(=O)c2ccc(-c3cc(-c4nnc(C)o4)ccc3C)cc2)cc1,0
CHEMBL218969,CNC(=O)c1cncc(/C=C/c2ccccc2C)c1,0
CHEMBL188426,CCOc1ccc2c(-c3ccnc(Nc4cc(OC)cc(C(F)(F)F)c4)n3)cnn2n1,0
CHEMBL231623,NC(=O)c1cc(-c2ccc(F)cc2)cc(-c2ccncc2)c1N,0
CHEMBL1794059,NS(=O)(=O)c1cccc(N/C=C2\C(=O)Nc3ccccc32)c1,0
CHEMBL187985,CCn1c(-c2nonc2N)nc2c(N3CCCC3)nccc21,0
CHEMBL1909357,COc1cc2ncnc(Nc3ccc(C)c(O)c3)c2cc1OC,0
CHEMBL156524,O=C1NC(=O)C(N2CCc3ccccc32)=C1c1ccc(Cl)cc1,0
CHEMBL1789963,O=C1Nc2ccc(C(=O)c3ccco3)cc2C1=Cc1cc(Cl)c(O)c(Cl)c1,0
CHEMBL267228,OCc1ccc(-c2nc(-c3ccccn3)c(-c3ccc4c(c3)OCO4)[nH]2)cc1,0
CHEMBL485598,CC1=C(C(=O)Nc2ccc3[nH]ncc3c2)C(c2ccc(F)cc2)N=C(c2ccc(C(F)(F)F)nc2)N1,0
CHEMBL1909379,c1ccc(Cc2nc3ccc(Nc4ncnc5ccccc45)cc3[nH]2)cc1,0
CHEMBL189459,Cc1ccc2c(-c3ccnc(Nc4ccccc4)n3)c(-c3ccc(F)cc3)nn2n1,0
CHEMBL480382,COc1cc2ncn(-c3cc(OCc4cccs4)c(C(N)=O)s3)c2cc1OC,0
CHEMBL514162,COc1cc2ncn(-c3cc(OCc4ccccc4Cl)c(C(N)=O)s3)c2cc1OC,0
CHEMBL1909406,Fc1ccc(-c2nc3n(c2-c2ccncc2)CCS3)cc1,0
CHEMBL531804,CN(C)c1cc2c(Nc3ccc4nc(Cc5ccccc5)[nH]c4c3)ncnc2cn1,0
CHEMBL379093,Fc1cccc(COc2ccc(Nc3ncncc3C#Cc3ccccc3)cc2Cl)c1,0
CHEMBL189148,Clc1ccc(-c2nn3ncccc3c2-c2ccnc(Nc3ccccc3)n2)cc1,0
CHEMBL66004,COc1cc(/C=N/Nc2ncnc3[nH]ncc23)ccc1O,0
CHEMBL483748,NS(=O)(=O)c1ccc(-c2cc3ccncc3cc2OCc2ccccc2)cc1,0
CHEMBL237570,COc1ccc2cc(-c3c(-c4ccncc4)nc(-c4ccc([S+](C)[O-])cc4C)n3C)ccc2c1,0
CHEMBL215814,CS(=O)(=O)CCNCc1ccc(-c2ccc3ncnc(Nc4ccc(OCc5cccc(F)c5)c(C(F)(F)F)c4)c3c2)o1,0
CHEMBL1794053,Nc1nc(-c2ccc3c(c2)C(=Cc2cc(Br)c(O)c(Br)c2)C(=O)N3)cs1,0
CHEMBL381948,Fc1ccc(-c2cc(-c3c[nH]nc3-c3ccccn3)ccn2)cc1,0
CHEMBL346551,O=C1NC(=O)C(c2ccccc2)=C1Nc1ccccc1,0
CHEMBL1909359,Cc1c2ccc(N(C)c3ccnc(Nc4cccc(S(N)(=O)=O)c4)n3)cc2nn1C,0
CHEMBL524901,c1cnn2ncc(-c3ccnc(NCCCN4CCOCC4)n3)c2c1,0
CHEMBL374060,Cc1cc(O)cc(C)c1/C=C/c1cncc(C(=O)OC(C)(C)C)c1,0
CHEMBL581096,Cc1ccc(O)cc1Nc1ccnc2cc(-c3ccccn3)ccc12,0
CHEMBL495771,c1cc(-c2cnn3nc(N4CCOCC4)ccc23)nc(NC2CC2)n1,0
CHEMBL188240,CCOc1nccc2c1nc(-c1nonc1N)n2CC,0
CHEMBL516908,Cc1ccc(NC(=O)CC2CC2)cc1-c1ccc(C(=O)NCC2CC2)cc1,0
CHEMBL191105,CN(C)CCCn1c(-c2nonc2N)nc2cnccc21,0
CHEMBL365663,Nc1nc(-c2cccc(Cl)c2)c(-c2ccc3ncccc3n2)s1,0
CHEMBL260417,O=C(Nc1n[nH]c2nc(-c3ccc(O)cc3)c(Br)cc12)C1CC1,0
CHEMBL202891,COc1ccc(-c2cc(-c3c[nH]nc3-c3ccccn3)ccn2)cc1,0
CHEMBL441702,CC1=C(C(=O)Nc2ccc3[nH]ncc3c2)C(c2ccc3ccccc3c2)CC(=O)N1,0
CHEMBL185962,Nc1nonc1-c1nc2cnccc2n1C1CC1,0
CHEMBL372474,CCS(=O)(=O)c1ccc(OC)c(Nc2ncc(-c3cccc(-c4ccccc4F)c3)o2)c1,0
CHEMBL181361,Nc1nc(-c2ccccn2)c(-c2ccc3ncccc3n2)s1,0
CHEMBL103098,NS(=O)(=O)c1ccc(-c2ccc3c(NC(=O)C4CC4)n[nH]c3c2)cc1,0
CHEMBL2062290,CCN1CCC(CC(=O)Nc2n[nH]c3nc(-c4cccs4)c(Br)cc23)CC1,0
CHEMBL402108,Cc1nnc(-c2ccc(C)c(-c3ccc(C(=O)NCc4ccc(Cl)cc4)cc3)c2)o1,0
CHEMBL473420,COC(=O)c1sc(-n2cnc3cc(OC)c(OC)cc32)cc1OCc1ccccc1C(F)(F)F,0
CHEMBL483747,NS(=O)(=O)c1cccc(-c2cc3ccncc3cc2OCc2ccccc2)c1,0
CHEMBL419903,O=C(Nc1n[nH]c2cc(-c3ccc(F)cc3)ccc12)C1CC1,0
CHEMBL257113,Cc1nnc(-c2cccc(-c3ccc(C(=O)NCC4CC4)cc3)c2)o1,0
CHEMBL160876,O=C1NC(=O)C(c2ccc(Cl)cc2)=C1Nc1ccc(Cl)c(C(=O)O)c1,0
CHEMBL222419,COc1cc2ncn(-c3cc(O[C@H](C)c4ccccc4Cl)c(C(N)=O)s3)c2cc1OC,0
CHEMBL1909381,Cc1ccc(Nc2ccnc(Nc3cccc(C(N)=O)c3)n2)cc1O,0
CHEMBL205158,c1ccc(-c2n[nH]cc2-c2ccnc(-c3ccc(OCCN4CCOCC4)cc3)c2)nc1,0
CHEMBL274863,Nc1nccc(-c2c(-c3ccc(F)cc3)ncn2CCCN2CCOCC2)n1,0
CHEMBL1909410,O=C(O[C@H]1CN[C@H](C#Cc2cc3ncnc(Nc4ccc5c(ccn5Cc5cc(F)ccc5F)c4)c3s2)C1)N1CCOCC1,0
CHEMBL450071,COc1cc(N2CCN(C(C)C)CC2)ccc1Nc1nc(Nc2ccc(F)cc2C(=O)NC[C@@H](O)CO)c2cc[nH]c2n1,0
CHEMBL481510,NC(=O)c1sc(-n2cnc3ccc(C(F)(F)F)cc32)cc1OCc1ccccc1Br,0
CHEMBL175321,O=C1Nc2ccccc2/C1=C1\CCc2cc(O)ccc21,0
CHEMBL1909341,c1ccc(Oc2ccc(Nc3ncc(-c4ccccc4)o3)cc2)cc1,0
CHEMBL373751,COc1cc2ncn(-c3cc(OCc4ccccc4S(C)(=O)=O)c(C#N)s3)c2cc1OC,0
CHEMBL1909414,CN(C)CCOc1ccc(-c2nc(-c3ccncc3)c(-c3ccc4c(c3)CC/C4=N\O)[nH]2)cc1,0
CHEMBL1909383,COc1cccc(-n2ncc3c(N/N=C/c4ccc(C(=O)NCCN(C)C)cc4)ncnc32)c1,0
CHEMBL1909396,COc1ccc(-c2oc3ncnc(N)c3c2-c2ccc(NC(=O)Nc3cc(C(F)(F)F)ccc3F)cc2)cc1,0
CHEMBL196022,COc1ccc(-c2coc3ncnc(N)c23)cc1,0
CHEMBL233002,N#Cc1c(NC(=O)c2ccc(F)c3ccccc23)sc2c1CCCC2,0
CHEMBL232601,N#Cc1c(NC(=O)c2cccc3ccccc23)sc2c1CCCN2C(=O)C1CC1,0
CHEMBL514261,COc1cc(N2CCN(C(C)C)CC2)ccc1Nc1nc(Nc2cccc(F)c2C(=O)O)c2cc[nH]c2n1,0
CHEMBL1909374,O=C(Nc1ccc(Oc2ccc3[nH]c(NC(=O)c4ccccc4)nc3c2)cc1)Nc1cc(C(F)(F)F)ccc1F,0
CHEMBL2012574,COc1ccc2c3ccnc(C(F)(F)F)c3n(CCCCN)c2c1,1
CHEMBL509032,COc1cc(N2CCC(N3CCN(C)CC3)CC2)ccc1Nc1ncc(Cl)c(Nc2ccccc2S(=O)(=O)C(C)C)n1,1
CHEMBL2064666,COc1c(Nc2ncc(Cl)c(N[C@H]3[C@@H](C(N)=O)[C@@H]4C=C[C@H]3C4)n2)ccc2c1CC[C@@H](N1CCOCC1)CC2,1
CHEMBL2152768,CC(C)(O)C1CCN(Cc2ccc3nc(-c4c(F)ccc5[nH]ccc45)nc(N4CCOCC4)c3n2)CC1,0
CHEMBL2172315,CC(C)NC(=O)[C@H]1CC[C@@H](n2/c(=N/C(=O)c3cc(F)cc(F)c3)[nH]c3ccc(CN4CCC(C(C)(C)O)CC4)cc32)CC1,1
CHEMBL2172308,CC(C)NC(=O)[C@H]1CC[C@@H](n2/c(=N/C(=O)c3ccc(F)cc3)[nH]c3ccc(CN4CCC(C(C)(C)O)CC4)cc32)CC1,1
CHEMBL2204495,O=C(Nc1cccnc1)c1cc(-c2ccnc(F)c2)ccc1OCc1ccccc1,0
CHEMBL2205766,CC(C)(C)NS(=O)(=O)c1cncc(-c2ccn3nc(N)nc3c2)c1,0
CHEMBL2336379,CC[C@@H](CO)Nc1nc(NC(=N)N)c2ncn(C(C)C)c2n1,1
CHEMBL2336377,CC[C@H](CO)Nc1nc(NC(=N)N)c2ncn(C(C)C)c2n1,1
CHEMBL2333365,Cc1c(C(=O)N2CCOc3ccc(-c4ccc(N)nc4)cc3C2)ccc(S(C)(=O)=O)c1F,0
CHEMBL2348865,O=c1[nH]c2ncc(-c3ccc(-c4nc[nH]n4)cc3)nc2n1CCC1CCOCC1,0
CHEMBL2348862,CC(C)(O)c1ccc(-c2cnc3c(n2)N(CC2CCOCC2)CC(=O)N3)cn1,0
CHEMBL2333436,CCc1ccc(-c2ccc3c(c2)-c2c(cnn2CC)S(=O)(=O)N3C)cc1,0
CHEMBL2333445,CCc1ccc(-c2ccc3c(c2)-c2[nH]ncc2S(=O)(=O)N3C)cc1,1
CHEMBL2397314,Cc1nc(NC(=O)[C@H](C)CC(F)(F)F)sc1-c1ccc(N)nc1,1
CHEMBL2402081,CC[C@@H]1C(=O)N(C)c2cnc(-n3ccnc3-c3ccc(F)cc3)nc2N1c1ccn(C)n1,0
CHEMBL3099673,O=C1Nc2ncccc2/C1=C1/Nc2ncccc2C1=O,0
CHEMBL2380687,CC(C)CCNc1ccc(-c2cnc3ccc(NC4CCN(C)CC4)nn23)cn1,0
CHEMBL3264059,N[C@H]1CC[C@H](Nc2ccc3ncc(-c4cnc(Nc5ncccc5F)nc4)n3n2)CC1,0
CHEMBL3355482,CN(Cc1ccccc1)C(=O)c1ccc(S(=O)(=O)Nc2ccccc2)cc1,0
CHEMBL3298678,O=C(N[C@H](CO)c1ccc(Cl)c(F)c1)N1CCc2cnc(NC3CCOCC3)nc2C1,0
CHEMBL3338802,Cc1ccc(-c2cc(C(=O)Nc3ccnc(Cl)c3)nn2-c2ccc3ccccc3n2)cc1,0
CHEMBL3331445,CCOC(=O)C1=C(C)N=c2s/c(=C\c3ccc(O)c(O)c3)c(=O)n2C1c1ccc(Cl)cc1,0
CHEMBL3331446,CCOC(=O)C1=C(C)N=c2s/c(=C\c3cc(O)c(O)c(O)c3)c(=O)n2C1c1ccc(Cl)cc1,0
CHEMBL177820,Brc1c(Br)c(Br)c2[nH]nnc2c1Br,0
CHEMBL443738,O=C(O)[C@H]1CSC(c2nc3ccc(O)cc3s2)=N1,1
CHEMBL3427170,O=C(O)[C@@H]1CSC(c2nc3ccc(O)cc3s2)=N1,1
CHEMBL3427171,COC(=O)[C@H]1CSC(c2nc3ccc(O)cc3s2)=N1,0
CHEMBL3427172,COC(=O)[C@@H]1CSC(c2nc3ccc(O)cc3s2)=N1,0
CHEMBL3427173,COc1ccc2nc(C3=N[C@@H](C(=O)O)CS3)sc2c1,0
CHEMBL3427174,COc1ccc2nc(C3=N[C@H](C(=O)O)CS3)sc2c1,0
CHEMBL3427175,COC(=O)[C@H]1CSC(c2nc3ccc(OC)cc3s2)=N1,0
CHEMBL3427176,COC(=O)[C@@H]1CSC(c2nc3ccc(OC)cc3s2)=N1,0
CHEMBL3427177,COc1ccc2nc(C3=N[C@@H](C(=O)O)C(C)(C)S3)sc2c1,0
CHEMBL3427178,COc1ccc2nc(C3=N[C@H](C(=O)O)C(C)(C)S3)sc2c1,1
CHEMBL3427179,CC1(C)SC(c2nc3ccc(O)cc3s2)=N[C@H]1C(=O)O,1
CHEMBL3427180,CC1(C)SC(c2nc3ccc(O)cc3s2)=N[C@@H]1C(=O)O,1
CHEMBL3427181,O=C(O)[C@H]1CSC(c2ccc3cc(O)ccc3n2)=N1,1
CHEMBL3427182,O=C(O)[C@@H]1CSC(c2ccc3cc(O)ccc3n2)=N1,0
CHEMBL3427183,O=C(O)[C@H]1CSC(c2ccc3cccc(O)c3n2)=N1,0
CHEMBL3427184,O=C(O)[C@@H]1CSC(c2ccc3cccc(O)c3n2)=N1,0
CHEMBL3741589,O=C(O)C1CN(Cc2ccc(OCc3ccc(Cl)c(Cl)c3)cc2)C1,0
CHEMBL3745885,Cn1c(=O)c(S(=O)(=O)c2ccc(F)cc2F)cc2cnc(Nc3ccc4[nH]ccc4c3)nc21,0
CHEMBL3758502,CC1(C)OCc2c(Nc3n[nH]c4ccccc34)nc(-c3cn[nH]c3)nc21,0
CHEMBL3758602,CC1(C)OCc2c(Nc3n[nH]c4c(Cl)cccc34)nc(-c3cn[nH]c3)nc21,0
CHEMBL3774885,Cn1cc(-c2ccc(Cc3n[nH]c4ccc(C(=O)N5CCOCC5)cc34)cc2)cn1,1
CHEMBL3775576,CNC(=O)c1ccc2[nH]nc(Cc3ccc4c(cnn4C)c3)c2c1,1
CHEMBL3775317,Cn1cc(-c2ccc(Cc3n[nH]c4ccc(C(=O)N5CC[C@@H](O)C5)cc34)cc2)cn1,1
CHEMBL405665,Nc1nccc(-c2c[nH]c3ncccc23)n1,1
CHEMBL3815093,CNS(=O)(=O)c1ccc(N(C)C)c(Nc2ncnc3cc(OC)c(OC)cc23)c1,0
CHEMBL3813842,CC1(C)OCCn2c1nc1c(N3CCOCC3)nc(-c3cnc(N)nc3)nc12,0
CHEMBL3979920,Cn1cc(-c2nc(N[C@@H]3CCCC[C@@H]3N)c(F)c3c2C(=O)NC3)cn1,0
CHEMBL2006765,CCCNC(=O)c1ccc(Nc2nc(NCC(F)(F)F)c3cc[nH]c3n2)cc1,1
CHEMBL4078893,FC(F)(F)CNc1nc(Nc2ccc(N3CCOCC3)c(Cl)c2)nc2ccoc12,1
CHEMBL4066664,FC(F)(F)CNc1nc(Nc2ccc3cn[nH]c3c2)nc2ccoc12,1
CHEMBL4069365,CC1(C)OCC(=O)Nc2cc(Nc3nc(NCC(F)(F)F)c4occc4n3)ccc21,1
CHEMBL4062803,Cc1n[nH]c2cc(Nc3nc(NC4CC4)c4occc4n3)ccc12,1
CHEMBL4077123,C=CC(=O)Nc1cc(Nc2cc(-c3cccc(NC(=O)c4ccc(C(C)(C)C)cc4)c3C)cn(C)c2=O)ccc1C(=O)N1CCOCC1,0
CHEMBL4084376,COc1cccc(-c2cc3nccn3c(Nc3ncccc3C(N)=O)n2)c1,1
CHEMBL4064188,COc1ccccc1-c1cc2nccn2c(Nc2ncccc2C(N)=O)n1,1
CHEMBL1190711,COc1ccc(-c2cc3nccn3c(Nc3ncccc3C(N)=O)n2)cc1OC,1
CHEMBL4062694,COc1ccc(-c2cc3nccn3c(Nc3ncccc3C(N)=O)n2)cc1,1
CHEMBL4097172,NC(=O)c1cccnc1Nc1nc(-c2ccc3c(c2)OCO3)cc2nccn12,1
CHEMBL4069976,COc1ccc(-c2cc3nccn3c(Nc3ncccc3C(N)=O)n2)c(OC)c1,1
CHEMBL4104883,COc1cc(OC)cc(-c2cc3nccn3c(Nc3ncccc3C(N)=O)n2)c1,1
CHEMBL4080652,CCCOc1ccc(-c2cc3nccn3c(Nc3ncccc3C(N)=O)n2)cc1,1
CHEMBL4067263,CCCCOc1ccc(-c2cc3nccn3c(Nc3ncccc3C(N)=O)n2)cc1,0
CHEMBL4088519,Cc1ccccc1-c1cc2nccn2c(Nc2ncccc2C(N)=O)n1,1
CHEMBL4078191,Cc1cccc(-c2cc3nccn3c(Nc3ncccc3C(N)=O)n2)c1,1
CHEMBL4096243,Cc1ccc(-c2cc3nccn3c(Nc3ncccc3C(N)=O)n2)cc1,1
CHEMBL4086082,CNC(=O)c1cccnc1Nc1nc(-c2cccc(OC)c2)cc2nccn12,0
CHEMBL4104002,CNC(=O)c1cccnc1Nc1nc(-c2ccc(OC)cc2)cc2nccn12,0
CHEMBL4084308,CNC(=O)c1cccnc1Nc1nc(-c2ccc(OC)c(OC)c2)cc2nccn12,0
CHEMBL4062607,CNC(=O)c1cccnc1Nc1nc(-c2ccc3c(c2)OCO3)cc2nccn12,0
CHEMBL4092062,NC(=O)c1cccnc1Nc1nc(-c2ccccc2)cc2nccn12,1
CHEMBL4071257,CNC(=O)c1cccnc1Nc1nc(-c2ccccc2)cc2nccn12,0
CHEMBL4076099,CCNC(=O)c1cccnc1Nc1nc(-c2ccccc2)cc2nccn12,0
CHEMBL4061788,CCCNC(=O)c1cccnc1Nc1nc(-c2ccccc2)cc2nccn12,0
CHEMBL4073982,CC(C)NC(=O)c1cccnc1Nc1nc(-c2ccccc2)cc2nccn12,0
CHEMBL4100752,CCCCNC(=O)c1cccnc1Nc1nc(-c2ccccc2)cc2nccn12,0
CHEMBL4086425,CCC(C)NC(=O)c1cccnc1Nc1nc(-c2ccccc2)cc2nccn12,0
CHEMBL4077621,O=C(NCc1ccccc1)c1cccnc1Nc1nc(-c2ccccc2)cc2nccn12,0
CHEMBL4086007,CN(C)C(=O)c1cccnc1Nc1nc(-c2ccccc2)cc2nccn12,0
CHEMBL4103925,COc1ccc(-c2cccc(-c3cc4nccn4c(Nc4ncccc4C(N)=O)n3)c2)cc1,1
CHEMBL4078116,CNC(=O)c1cccnc1Nc1cc(-c2ccccc2)cc2[nH]ccc12,0
CHEMBL4096171,CNC(=O)c1cccnc1Nc1cc(-c2ccc(OC)cc2)cc2[nH]ccc12,0
CHEMBL4092508,COc1cc(OC)c(Cl)c(N2Cc3cnc(Nc4ccc(F)cc4)nc3N(C3CCN(C(=O)/C=C/CN(C)C)CC3)C2=O)c1Cl,0
CHEMBL4096145,CC1(C)[C@H](Nc2c(C(N)=O)cnn3cc(-c4ccccc4)cc23)CC[C@]1(C)N,1
CHEMBL4080797,COc1ccc(-c2cc3c(N[C@@H]4CC[C@](C)(N)C4(C)C)c(C(N)=O)cnn3c2)cn1,1
CHEMBL4174988,Cc1cccc(S(=O)(=O)Nc2cc(-c3sc(NC(=O)[C@@H](N)C(C)C)nc3C)cnc2Cl)c1,0
CHEMBL4209540,Cc1cccc(-c2nc(N)sc2-c2ccc3ncccc3n2)c1,0
CHEMBL3969370,C=CC(=O)Nc1ccc(C(=O)Nc2ccc(Nc3ncc4c(n3)N(C)c3ccc(C)cc3C(=O)N4C)cc2)cc1,0
CHEMBL4206831,CCC(=O)Nc1ccc(C(=O)Nc2ccc(Nc3ncc4c(n3)N(C)c3ccc(C)cc3C(=O)N4C)cc2)cc1,0
CHEMBL4207014,CS(=O)(=O)c1ccc(-n2nc(-c3cnc4[nH]ccc4c3)c3c(N)ncnc32)cc1,0
CHEMBL1214141,Cc1ccc(Nc2ncc3c(n2)N(C)C(=O)N(c2cc(NC(=O)c4cccc(C(F)(F)F)c4)ccc2C)C3)cn1,1
CHEMBL1214142,Cc1ccc(NC(=O)c2cccc(C(F)(F)F)c2)cc1N1Cc2cnc(Nc3ccccc3)nc2N(C)C1=O,1
CHEMBL4209948,CCN1CCN(c2ccc(Nc3ncc4c(n3)N(C)C(=O)N(c3cc(NC(=O)c5cccc(C(F)(F)F)c5)ccc3C)C4)cc2)CC1,1
CHEMBL4214863,CCN1CCN(c2ccc(Nc3ncc4c(n3)N(C)C(=O)N(c3cc(NC(=O)c5cccc(C(F)(F)F)c5)ccc3C)C4)cn2)CC1,1
CHEMBL4214342,CC(=O)N1CCN(c2ccc(Nc3ncc4c(n3)N(C)C(=O)N(c3cc(NC(=O)c5cccc(C(F)(F)F)c5)ccc3C)C4)cn2)CC1,1
CHEMBL4202685,CCN1CCN(C(=O)c2ccc(Nc3ncc4c(n3)N(C)C(=O)N(c3cc(NC(=O)c5cccc(C(F)(F)F)c5)ccc3C)C4)cn2)CC1,1
CHEMBL4217421,Cc1ccc(NC(=O)c2cccc(C(F)(F)F)c2)cc1N1Cc2cnc(Nc3cnn(C)c3)nc2N(C)C1=O,1
CHEMBL4213673,Cc1cc(Nc2ncc3c(n2)N(C)C(=O)N(c2cc(NC(=O)c4cccc(C(F)(F)F)c4)ccc2C)C3)n(C)n1,1
CHEMBL4210482,Cc1ccc(NC(=O)c2cccc(C(F)(F)F)c2)cc1N1Cc2cnc(NC3CC3)nc2N(C)C1=O,1
CHEMBL4211395,Cc1ccc(NC(=O)c2cccc(C(F)(F)F)c2)cc1N1Cc2cnc(NC3CCCCC3)nc2N(C)C1=O,1
CHEMBL4215989,Cc1ccc(NC(=O)c2cccc(C(F)(F)F)c2)cc1N1Cc2cnc(NCCO)nc2N(C)C1=O,1
CHEMBL459850,Cc1ccc(NC(=O)c2cccc(C(F)(F)F)c2)cc1N1Cc2cnc(N)nc2N(C)C1=O,1
CHEMBL4209082,Cc1ccc(Nc2ncc3c(n2)N(C)C(=O)N(c2cc(NC(=O)c4ccccc4)ccc2C)C3)cn1,1
CHEMBL4212809,Cc1ccc(Nc2ncc3c(n2)N(C)C(=O)N(c2cc(NC(=O)c4ccc(C)c(C(F)(F)F)c4)ccc2C)C3)cn1,1
CHEMBL4218831,Cc1ccc(Nc2ncc3c(n2)N(C)C(=O)N(c2cc(NC(=O)c4cc(N5CCOCC5)cc(C(F)(F)F)c4)ccc2C)C3)cn1,1
CHEMBL4205942,Cc1ccc(Nc2ncc3c(n2)N(C)C(=O)N(c2cc(NC(=O)c4cc(N5CCC(O)CC5)cc(C(F)(F)F)c4)ccc2C)C3)cn1,1
CHEMBL4211880,Cc1ccc(Nc2ncc3c(n2)N(C)C(=O)N(c2cc(NC(=O)c4cc(-n5cnc(C)c5)cc(C(F)(F)F)c4)ccc2C)C3)cn1,1
CHEMBL4212150,Cc1ccc(Nc2ncc3c(n2)N(C)C(=O)N(c2cc(NC(=O)c4ccc(-n5cccc5)c(C(F)(F)F)c4)ccc2C)C3)cn1,1
CHEMBL4211976,Cc1ccc(Nc2ncc3c(n2)N(C)C(=O)N(c2cc(NC(=O)c4ccc(N5CCN(C)CC5)c(C(F)(F)F)c4)ccc2C)C3)cn1,1
CHEMBL4207100,Cc1ccc(Nc2ncc3c(n2)N(C)C(=O)N(c2cc(NC(=O)c4ccc(CN5CCN(C)CC5)c(C(F)(F)F)c4)ccc2C)C3)cn1,1
CHEMBL4207036,Cc1ccc(Nc2ncc3c(n2)N(C)C(=O)N(c2cc(NC(=O)c4ccc(CN5CCC(N(C)C)C5)c(C(F)(F)F)c4)ccc2C)C3)cn1,1
CHEMBL4203337,CCN1C(=O)N(c2cc(NC(=O)c3ccc(C)c(C(F)(F)F)c3)ccc2C)Cc2cnc(Nc3ccc(C)nc3)nc21,1
CHEMBL4213945,Cc1ccc(Nc2ncc3c(n2)N(C2CC2)C(=O)N(c2cc(NC(=O)c4ccc(C)c(C(F)(F)F)c4)ccc2C)C3)cn1,1
CHEMBL4210185,Cc1ccc(Nc2ncc3c(n2)N(C2CCCCC2)C(=O)N(c2cc(NC(=O)c4ccc(C)c(C(F)(F)F)c4)ccc2C)C3)cn1,1
CHEMBL4215916,Cc1ccc(Nc2ncc3c(n2)N(c2ccccc2)C(=O)N(c2cc(NC(=O)c4ccc(C)c(C(F)(F)F)c4)ccc2C)C3)cn1,1
CHEMBL4206139,Cc1ccc(Nc2ncc3c(n2)N(Cc2ccccc2)C(=O)N(c2cc(NC(=O)c4ccc(C)c(C(F)(F)F)c4)ccc2C)C3)cn1,1
CHEMBL4216786,CC(=O)N1CCN(c2ccc(Nc3ncc4c(n3)N(C)C(=O)N(c3cc(NC(=O)c5ccc(CN6CCC(N(C)C)C6)c(C(F)(F)F)c5)ccc3C)C4)cn2)CC1,1
CHEMBL4213019,CCN1CCN(C(=O)c2ccc(Nc3ncc4c(n3)N(C)C(=O)N(c3cc(NC(=O)c5ccc(CN6CCC(N(C)C)C6)c(C(F)(F)F)c5)ccc3C)C4)cn2)CC1,1
CHEMBL4207753,Cc1ccc(NC(=O)c2ccc(CN3CCC(N(C)C)C3)c(C(F)(F)F)c2)cc1N1Cc2cnc(Nc3cnn(C)c3)nc2N(C)C1=O,1
CHEMBL4212663,Cc1cc(Nc2ncc3c(n2)N(C)C(=O)N(c2cc(NC(=O)c4ccc(CN5CCC(N(C)C)C5)c(C(F)(F)F)c4)ccc2C)C3)n(C)n1,1
CHEMBL4076837,CN1CCN(C(=O)c2ccc3cc(CCNc4ncnc5ccc(C#N)cc45)ccc3c2)CC1,0
CHEMBL3736320,CC(C)n1nc(C#Cc2cccc(NC(=O)c3cccc(C(F)(F)F)c3)c2)c2c(N)ncnc21,0
CHEMBL4247506,CC(C)n1nc(C#Cc2cccc3cc(-c4cccc(C(F)(F)F)c4)ncc23)c2c(N)ncnc21,0
CHEMBL4247298,Cc1ccc(NC(=O)c2ccc(CN(CCN(C)C)C(=O)c3cccnc3)cc2)cc1Nc1nccc(-c2cccnc2)n1,0
CHEMBL4245507,O=C(Cc1cccc(OCCCN2CCNCC2)c1)Nc1nc(-c2ccncc2)cs1,0
CHEMBL4251324,O=C(Cc1cccc(OCCCC2CCNCC2)c1)Nc1nc(-c2ccncc2)cs1,0
CHEMBL4276946,CC(=O)n1nc(C)c(-c2ccc(Cl)c(Cl)c2)c1N,0
CHEMBL4281823,CCn1cc(-c2ccc3c(c2)CCN3C(=O)Cc2cccc(OC(F)(F)F)c2)c2c(N)ncnc21,1
CHEMBL4278763,NC1(c2ccc(-c3cnc4c(-c5ccc(S(N)(=O)=O)c6ccccc56)cnn4c3)cc2)CCC1,0
CHEMBL4281048,COCCN[C@H]1CC[C@H](Nc2cc(-c3csc(NCC4(C#N)CCOCC4)n3)c(Cl)cn2)CC1,1
CHEMBL4288103,CN1CCC(c2nc(-c3ccc(F)cc3)c(-c3ccnc(Nc4ccc(N5CCNCC5)cc4)n3)s2)CC1,0
CHEMBL4286880,CN1CCC(c2nc(-c3cccc(S(C)(=O)=O)c3)c(-c3ccnc(Nc4ccc(N5CCNCC5)cc4)n3)s2)CC1,0
CHEMBL4286841,CN1CCC(c2nc(-c3ccc(F)c(NS(C)(=O)=O)c3)c(-c3ccnc(NCC4CC4)n3)s2)CC1,0
CHEMBL4288300,COc1cccc(Nc2cc(Nc3cc(OC)ccc3OC)ncn2)c1,0
CHEMBL4283823,COc1ccc(Nc2cc(NC(=O)c3ccccc3)ncn2)cc1,0
CHEMBL4282460,O=C(O)CCCC(=O)Nc1cc(Nc2cccc(Cl)c2)ncn1,0
CHEMBL4290750,CCOC(=O)c1ccc(Nc2cc(NC(=O)CCCC(=O)O)ncn2)cc1,0
CHEMBL4294156,COc1cccc(Nc2cc(NC(=O)CCCC(=O)O)ncn2)c1,0
CHEMBL4283970,O=C(O)CCCC(=O)Nc1cc(N2CCOCC2)ncn1,0
CHEMBL4533018,CC(C)N1C(=O)C(NCCCN(C)C)=C(c2cn(C)c3ccccc23)C1=O,0
CHEMBL4557538,Cc1cc(C)c(CNc2nc(Cl)nc3c2ncn3C2CCCC2)c(=O)[nH]1,0
CHEMBL4563315,CC(C)Nc1sc(C(=O)c2ccc(Cl)s2)c(N)c1C#N,0
CHEMBL4455512,N=C1NC(=O)/C(=C\c2ccc(-c3cccc([N+](=O)[O-])c3)o2)S1,0
CHEMBL4568120,C=CCOC(=O)c1cc(-c2ccc(/C=C3/NC(=S)NC3=O)o2)ccc1Cl,0
CHEMBL4472294,C[C@@H](c1ccccc1)n1nnc2cnc3ccc(-c4cnc5[nH]ccc5c4)cc3c21,0
CHEMBL4555884,COc1cc(Br)cc2[nH]cc(-c3oc(-c4ccc[nH]4)nc3I)c12,0
CHEMBL4475097,COc1cc(Br)cc2[nH]cc(-c3cnc(-c4ccc(Br)[nH]4)o3)c12,0
CHEMBL4564337,COc1cc2c(-c3cnc(-c4ccc[nH]4)o3)c[nH]c2cc1Br,1
CHEMBL4446434,COc1cc(Br)cc2[nH]cc(-c3cnc(-c4ccc[nH]4)o3)c12,1
CHEMBL4476426,COc1cc(Br)cc2[nH]cc(-c3cnc(-c4cc(Br)c[nH]4)o3)c12,0
CHEMBL4548361,COc1cc(Br)cc2[nH]c(I)c(-c3cnc(-c4ccc[nH]4)o3)c12,1
CHEMBL4564337,COc1cc2c(-c3cnc(-c4ccc[nH]4)o3)c[nH]c2cc1Br,0
CHEMBL4526274,O=C(CCCCCn1cc(Nc2ncc(Cl)c(Nc3ccc(Cl)cc3)n2)cn1)NO,0
CHEMBL4515441,C=CC(=O)Nc1ccccc1Nc1nc(Nc2ccc(N3CCN(C)CC3)cc2)ncc1C(=O)Nc1c(C)cccc1Cl,0
CHEMBL4436895,O=C(Nc1cccnc1)c1cc(C(=O)c2c(F)cccc2Br)c[nH]1,1
CHEMBL4528675,COc1ccc(N2C(=O)COc3ccc(-c4cnc(OC)c(NS(=O)(=O)c5ccc(F)cc5)c4)cc32)cc1,0
CHEMBL4548580,CN(C)C(=O)c1cc2cnc(Nc3ccc(NC(=O)CCCCCCCN=C=S)cc3)nc2n1C1CCCC1,1
CHEMBL4459587,C=CS(=O)(=O)Nc1ccc(Cc2ccc3ccccc3c2)cc1,0
CHEMBL4473365,C=CC(=O)Nc1cc(Nc2ncc(Cl)c(Nc3ccccc3S(=O)(=O)C(C)C)n2)c(OC)cc1N(C)CCN(C)C,0
CHEMBL4555459,O=C(Nc1cccc([C@H]2CCCN(c3ncnc4[nH]ccc34)C2)c1)Nc1ccccc1N1CCCC1,0
CHEMBL4564973,O=C(Nc1cccc([C@@H]2CN(c3ncnc4[nH]ccc34)CCN2CCO)c1)Nc1c(F)cccc1N1CCCC1,1
CHEMBL4559936,O=C(Nc1cc(-c2cn(CCNc3c4c(nc5ccccc35)CCCC4)nn2)ccn1)Nc1cccc2c1C1CCCCN1C2=O,1
CHEMBL4455923,CC[C@H](Nc1nc(N)nc(C)c1C#N)c1nc2cccc(NCc3ccc(C(=O)NO)cc3)c2c(=O)n1-c1ccccc1,0
CHEMBL4634634,C[C@@H]1C[C@H]1C(=O)N1CCN(c2cnc(C#N)c(-c3cnn(C)c3)n2)C[C@H]1C,0
CHEMBL4098877,C[C@H]1CN(c2cc(-c3n[nH]c4ccc(OC5(C)CC5)cc34)ncn2)C[C@@H](C)O1,0
CHEMBL521179,CN(C)CCOc1cc(-c2cn[nH]c2)ccc1NC(=O)C1COc2ccccc2O1,0
CHEMBL86755,O=C1Nc2ccccc2/C1=C/c1ccc[nH]1,1
CHEMBL516312,N#Cc1ccc(-c2cnc3[nH]cc(NC(=O)c4cccnc4)c3c2)cc1,1
CHEMBL257167,NC(=O)Nc1sc(-c2ccc(F)cc2)cc1C(N)=O,1
CHEMBL514409,CCS(=O)(=O)Nc1ccc2c(c1)/C(=C(/Nc1ccc(CN3CCCCC3)cc1)c1ccccc1)C(=O)N2,1
CHEMBL572878,Cc1cc(Nc2cc(N3CCN(C)CC3)nc(Sc3ccc(NC(=O)C4CC4)cc3)n2)n[nH]1,1
CHEMBL249097,Cc1ccc(O)cc1Nc1ccnc(Nc2cccc(C(N)=O)c2)n1,1
CHEMBL282342,CN(C)c1ccc(-c2cc3ncccc3c(NCCCCN)n2)cc1,1
CHEMBL3215582,Cc1ccc2c(Nc3ccc(Cl)cc3)nccc2c1Nc1ncccc1-c1ncnc2[nH]cnc12,0
CHEMBL1165499,CN1CCN(c2ccc(-c3cnc4c(c3)N(Cc3cc(F)ccc3F)CCN4)cn2)CC1,0
CHEMBL1164180,CN1CCN(c2ccc(-c3cnc4c(c3)N(Cc3cc(Cl)ccc3C(F)(F)F)CCN4)cn2)CC1,0
CHEMBL1164181,CN1CCN(c2ccc(-c3cnc4c(c3)N(Cc3cc(Cl)ccc3Cl)CCN4)cn2)CC1,0
CHEMBL1164265,CN1CCN(c2ccc(-c3cnc4c(c3)N(Cc3c(F)ccc(F)c3Cl)CCN4)cn2)CC1,0
CHEMBL1163559,O=C(c1ccc(-c2cnc3c(c2)N(Cc2cc(Cl)ccc2C(F)(F)F)CCN3)cc1)N1CCC(N2CCCC2)CC1,1
CHEMBL1163566,FC(F)(F)c1ccc(Cl)cc1CN1CCNc2ncc(-c3ccnc(N4CCNCC4)c3)cc21,0
CHEMBL1163565,CC(=O)N1CCN(c2cc(-c3cnc4c(c3)N(Cc3cc(Cl)ccc3C(F)(F)F)CCN4)ccn2)CC1,0
CHEMBL1171523,CCN1CCN(Cc2ccc(NC(=O)c3ccc(C)c(C#Cc4cccnc4)c3)cc2C(F)(F)F)CC1,0
CHEMBL1170139,CCN1CCN(Cc2ccc(NC(=O)c3ccc(C)c(C#Cc4cnc5[nH]ccc5c4)c3)cc2C(F)(F)F)CC1,0
CHEMBL1644812,CCN1C(=O)CCC(C)(C)c2ccc(Nc3ncc(Cl)c(Nc4c(F)cccc4C(=O)NC)n3)cc21,1
CHEMBL1822054,CC(=O)Nc1cn2nc(-c3cnc(Cl)c(NS(=O)(=O)c4ccc(F)cc4)c3)ccc2n1,0
CHEMBL1834114,Nc1c(F)c(NCCCc2ccccc2)c(F)c2c1c(=O)c(C(=O)O)cn2C1CC1,0
CHEMBL1834318,Nc1c(F)c(NCCNc2ccccn2)c(F)c2c1c(=O)c(C(=O)O)cn2C1CCCC1,0
CHEMBL1834323,C[C@H]1COc2c(NCCNc3ccccn3)c(F)c(N)c3c(=O)c(C(=O)O)cn1c23,0
CHEMBL1834324,CC(C)[C@@H]1COc2c(NCCNc3ccccn3)c(F)c(N)c3c(=O)c(C(=O)O)cn1c23,0
CHEMBL1834330,Nc1c(F)c(NCCNc2ccccn2)c2c3c1c(=O)c(C(=O)O)cn3C1(CCCC1)CO2,0
CHEMBL1939491,CNC(=O)c1cccc(F)c1Nc1nc(Nc2ccc3c(c2)NC(=O)[C@H](NC(=O)N2CCCC2)CC3(C)C)ncc1Cl,1
CHEMBL1940980,C[C@H]1COc2c(NCCCn3cccn3)c(F)c(N)c3c(=O)c(C(=O)O)cn1c23,0
CHEMBL1940981,C[C@H]1COc2c(NCCCn3cccn3)c(F)c(N)c3c(=O)c(C#N)cn1c23,0
CHEMBL1940987,C[C@H]1COc2c(NCCCc3ccccn3)c(F)c(N)c3c(=O)c(C(=O)O)cn1c23,0
CHEMBL1940990,C[C@H]1COc2c(NCCCc3ccccn3)c(F)c(N)c3c(=O)c(C#N)cn1c23,0
CHEMBL2204495,O=C(Nc1cccnc1)c1cc(-c2ccnc(F)c2)ccc1OCc1ccccc1,0
CHEMBL2205766,CC(C)(C)NS(=O)(=O)c1cncc(-c2ccn3nc(N)nc3c2)c1,0
CHEMBL2425646,O[C@H]1CC[C@H](Nc2nccc(-n3ccc4ccccc43)n2)CC1,0
CHEMBL2425644,O[C@H]1CC[C@H](Nc2nccc(-c3n[nH]c4ccccc34)n2)CC1,1
CHEMBL2425645,O[C@H]1CC[C@H](Nc2nccc(-n3ncc4ccccc43)n2)CC1,0
CHEMBL2425654,O[C@H]1CC[C@H](Nc2nccc(-n3nnc4ccccc43)n2)CC1,0
CHEMBL3261228,CCOC(=O)c1sc(-c2ccncc2)nc1O,1
CHEMBL3261514,NC(=O)c1sc(-c2ccnc(N)n2)nc1-c1ccc(Cl)cc1Cl,0
CHEMBL3261517,COc1ccc(-c2nc(-c3ccnc(N)n3)sc2C(N)=O)c(Cl)c1,1
CHEMBL166031,CC(C)(C)c1cc(NC(=O)Nc2ccc(Oc3ccncc3)cc2)no1,0
CHEMBL3628627,CS(=O)(=O)c1cccc(Nc2nccc(-c3sc(N4CCOCC4)nc3-c3cccc(NS(=O)(=O)c4c(F)cccc4F)c3)n2)c1,0
CHEMBL3628628,COCCNC(=O)c1ccc2c(c1)nc(-c1cnc(-c3ccc(Cl)cc3)[nH]1)n2CCOC,0
CHEMBL3745885,Cn1c(=O)c(S(=O)(=O)c2ccc(F)cc2F)cc2cnc(Nc3ccc4[nH]ccc4c3)nc21,0
CHEMBL3798256,CN(C)S(=O)(=O)Nc1ccc(F)c(Nc2ncccc2-c2ncnc3[nH]cnc23)c1F,0
CHEMBL4077123,C=CC(=O)Nc1cc(Nc2cc(-c3cccc(NC(=O)c4ccc(C(C)(C)C)cc4)c3C)cn(C)c2=O)ccc1C(=O)N1CCOCC1,0
CHEMBL4092508,COc1cc(OC)c(Cl)c(N2Cc3cnc(Nc4ccc(F)cc4)nc3N(C3CCN(C(=O)/C=C/CN(C)C)CC3)C2=O)c1Cl,1
CHEMBL3971067,CC(C)n1cc(-c2cc(-c3ccc(CN4CCOCC4)cc3)cnc2N)nn1,0
CHEMBL4096145,CC1(C)[C@H](Nc2c(C(N)=O)cnn3cc(-c4ccccc4)cc23)CC[C@]1(C)N,0
CHEMBL4080797,COc1ccc(-c2cc3c(N[C@@H]4CC[C@](C)(N)C4(C)C)c(C(N)=O)cnn3c2)cn1,0
CHEMBL3883384,C=CC(=O)Nc1ccccc1Nc1nc(Nc2ccc(N3CCN(C)CC3)cc2)ncc1Cl,0
CHEMBL3884839,C=CC(=O)Nc1ccccc1Oc1nc(Nc2cnn(CCOC)c2)ncc1Cl,1
CHEMBL1077979,COc1cc(O)c2c(c1)/C=C/C[C@H](O)[C@H](O)C(=O)/C=C\C[C@H](C)OC2=O,1
CHEMBL4174988,Cc1cccc(S(=O)(=O)Nc2cc(-c3sc(NC(=O)[C@@H](N)C(C)C)nc3C)cnc2Cl)c1,0
CHEMBL4213767,CN1CCN(c2ccc3nc(-c4c(N)c5sccc5[nH]c4=O)[nH]c3c2)CC1,1
CHEMBL4214886,CN1CCN(c2ccc3nc(-c4c(N)c5ccsc5[nH]c4=O)[nH]c3c2)CC1,1
CHEMBL3969370,C=CC(=O)Nc1ccc(C(=O)Nc2ccc(Nc3ncc4c(n3)N(C)c3ccc(C)cc3C(=O)N4C)cc2)cc1,0
CHEMBL4206831,CCC(=O)Nc1ccc(C(=O)Nc2ccc(Nc3ncc4c(n3)N(C)c3ccc(C)cc3C(=O)N4C)cc2)cc1,0
CHEMBL4207014,CS(=O)(=O)c1ccc(-n2nc(-c3cnc4[nH]ccc4c3)c3c(N)ncnc32)cc1,0
CHEMBL4247298,Cc1ccc(NC(=O)c2ccc(CN(CCN(C)C)C(=O)c3cccnc3)cc2)cc1Nc1nccc(-c2cccnc2)n1,0
CHEMBL4281048,COCCN[C@H]1CC[C@H](Nc2cc(-c3csc(NCC4(C#N)CCOCC4)n3)c(Cl)cn2)CC1,0
CHEMBL4533018,CC(C)N1C(=O)C(NCCCN(C)C)=C(c2cn(C)c3ccccc23)C1=O,0
CHEMBL4557538,Cc1cc(C)c(CNc2nc(Cl)nc3c2ncn3C2CCCC2)c(=O)[nH]1,0
CHEMBL4438024,ClC/C=C/C[N+]12CN3CN(CN(C3)C1)C2,0
CHEMBL4446405,C(=C/c1ccccc1)\C[N+]12CN3CN(CN(C3)C1)C2,0
CHEMBL6291,Cn1cc(C2=C(c3cn(CCCSC(=N)N)c4ccccc34)C(=O)NC2=O)c2ccccc21,1
CHEMBL4563315,CC(C)Nc1sc(C(=O)c2ccc(Cl)s2)c(N)c1C#N,0
CHEMBL4455512,N=C1NC(=O)/C(=C\c2ccc(-c3cccc([N+](=O)[O-])c3)o2)S1,0
CHEMBL4568120,C=CCOC(=O)c1cc(-c2ccc(/C=C3/NC(=S)NC3=O)o2)ccc1Cl,0
CHEMBL4472294,C[C@@H](c1ccccc1)n1nnc2cnc3ccc(-c4cnc5[nH]ccc5c4)cc3c21,0
CHEMBL4515441,C=CC(=O)Nc1ccccc1Nc1nc(Nc2ccc(N3CCN(C)CC3)cc2)ncc1C(=O)Nc1c(C)cccc1Cl,0
CHEMBL4436895,O=C(Nc1cccnc1)c1cc(C(=O)c2c(F)cccc2Br)c[nH]1,1
CHEMBL4528675,COc1ccc(N2C(=O)COc3ccc(-c4cnc(OC)c(NS(=O)(=O)c5ccc(F)cc5)c4)cc32)cc1,0
CHEMBL4548580,CN(C)C(=O)c1cc2cnc(Nc3ccc(NC(=O)CCCCCCCN=C=S)cc3)nc2n1C1CCCC1,1
CHEMBL4438748,CN(C)c1ccc(C(=O)Nc2cccc(NC(=O)COc3ccc4c(=O)ccoc4c3)c2)cc1,0
CHEMBL4473365,C=CC(=O)Nc1cc(Nc2ncc(Cl)c(Nc3ccccc3S(=O)(=O)C(C)C)n2)c(OC)cc1N(C)CCN(C)C,1
CHEMBL4555459,O=C(Nc1cccc([C@H]2CCCN(c3ncnc4[nH]ccc34)C2)c1)Nc1ccccc1N1CCCC1,1
CHEMBL4564973,O=C(Nc1cccc([C@@H]2CN(c3ncnc4[nH]ccc34)CCN2CCO)c1)Nc1c(F)cccc1N1CCCC1,1
CHEMBL4559936,O=C(Nc1cc(-c2cn(CCNc3c4c(nc5ccccc35)CCCC4)nn2)ccn1)Nc1cccc2c1C1CCCCN1C2=O,1
CHEMBL4455923,CC[C@H](Nc1nc(N)nc(C)c1C#N)c1nc2cccc(NCc3ccc(C(=O)NO)cc3)c2c(=O)n1-c1ccccc1,0
CHEMBL4445670,CN1CCN(c2cnc3c(C4CCN(C(=O)c5ccc(OC(F)(F)F)cc5N)CC4)ncnc3c2)CC1,0
CHEMBL4088216,CN1C(=O)[C@@H](N2CCc3cn(Cc4ccccc4)nc3C2=O)COc2ccccc21,1
CHEMBL4580220,CCc1ccccc1C(=O)Nc1n[nH]c2c(C)c(F)c(C3C(C#N)=C(C)N(C)C(C)=C3C#N)cc12,1
CHEMBL4549667,CN1C(=O)[C@@H](N2CCc3c(nn(Cc4ccccc4)c3Br)C2=O)COc2ccccc21,1
CHEMBL4097778,CN1C(=O)[C@@H](N2CCc3cn(CC4CCS(=O)(=O)CC4)nc3C2=O)COc2ccccc21,1
